{"val_loss": [0.2719188037135006, 0.25565984689128335, 0.28230908674303357, 0.24350941979552232, 0.25861315437012317, 0.23525021281125866, 0.25493447297946736, 0.2736172761384521, 0.25658390981780715, 0.26072423854423443, 0.2557147484903352, 0.25544109456826253, 0.26311213797507693, 0.25733140178583885, 0.26834178745850634, 0.2606966095028955, 0.25433132515319773, 0.2645118414939594, 0.26207249462084414, 0.268683642825115, 0.26536023299523465, 0.2671098811568182, 0.2597223173885445, 0.26549310355494365, 0.2720404435306735, 0.26909890360025, 0.2562578443249275, 0.28256953506361543, 0.27529826245382816, 0.284145300769057, 0.25611350907705216, 0.26736765366574233, 0.2528732104867333, 0.2807652822339722, 0.2614049027311448, 0.26721704401478924, 0.2686306603291896, 0.2653381298141746, 0.2802919296069919, 0.26136146556020406, 0.2749081070926593, 0.26848826696527356, 0.27525446671882015, 0.26086629362838637, 0.2687097879396475, 0.2732211338391895, 0.2620117083894021, 0.2819046798904945, 0.2801641339718983, 0.26184885320863177], "val_mean_absolute_error": [0.28751537380626274, 0.2678668379367542, 0.27416150435727304, 0.2612428154932891, 0.259898412498088, 0.25860955718300105, 0.259107018432484, 0.25716908595948945, 0.265715402978461, 0.2557819139270882, 0.2570405467226451, 0.2697757337417902, 0.2658669896566847, 0.2525847637424502, 0.24993340262775854, 0.25590112430887074, 0.25585043679981334, 0.2564864589801842, 0.2642020609678398, 0.25580172690629543, 0.26410829906480265, 0.26764588580705734, 0.2619489948891012, 0.2520087380579837, 0.2600827045465639, 0.25871733231486244, 0.26233909745907075, 0.2593341652323438, 0.25938442879946444, 0.26625662995258553, 0.2568656009009163, 0.2699394461684202, 0.25749499541926757, 0.25796653369334355, 0.2574285631300475, 0.2575017676719612, 0.26210767977316757, 0.26101719069231244, 0.26239095381209154, 0.25917515923215456, 0.2644743773741664, 0.26430140906395505, 0.26955732833236506, 0.25559213793922675, 0.2687539726131666, 0.271637480920522, 0.2730144911411545, 0.2632206011088939, 0.2685508842451618, 0.25810705185144567], "val_r_squared": [0.9254721894106107, 0.930621415116608, 0.921832949079144, 0.9331943646567447, 0.9294306563041181, 0.9351905136000216, 0.9301568967717688, 0.9254910781537468, 0.929158611135333, 0.9286560977940784, 0.9295867855220149, 0.9293365069708899, 0.927273157171346, 0.929142976618562, 0.9266567332166236, 0.9280226332562964, 0.9293690437213704, 0.9271475907811736, 0.9276653039309783, 0.9256556164115719, 0.9274435125512395, 0.926474556872982, 0.928177326449549, 0.9267304499111875, 0.9247729014767818, 0.9256193094852707, 0.9285038712761164, 0.922301168529151, 0.9237088050309692, 0.9217463636065445, 0.928655599112286, 0.9258241675287017, 0.9297063641939279, 0.9225780720486066, 0.9273993186717674, 0.9261541052430504, 0.9257431935265427, 0.9264515708046226, 0.92268615919466, 0.9266886832826424, 0.9240535245932001, 0.9252331388974481, 0.9235298304865706, 0.9274341244556101, 0.925606705131331, 0.9243716149221957, 0.9263181808107186, 0.9222935741900565, 0.9216589822611051, 0.9264489361336926], "loss": [0.20833509722789684, 0.11090632007047013, 0.08338393500218025, 0.06546823784604773, 0.05708022232629828, 0.05172291849381649, 0.048948729358665594, 0.05171280674037192, 0.049481892658697145, 0.046679858007579, 0.043280719597074954, 0.04503785904457832, 0.051454411656758584, 0.045955690234521784, 0.04145257054808569, 0.04041089291742944, 0.04254569762900889, 0.04308209621340974, 0.04311763757019193, 0.04295263849068563, 0.0430774987460329, 0.05656984555241945, 0.04284930310596328, 0.044012288302443664, 0.04281841980462724, 0.041296425158275175, 0.03943282130037571, 0.040658442036515766, 0.039952673086362495, 0.03795146727218078, 0.03925092027919901, 0.03905689508094081, 0.04124711939114165, 0.039287810793498176, 0.03951271345278808, 0.03557065028006901, 0.042797224921780036, 0.041316369730796845, 0.04106439132295497, 0.03719373495591531, 0.03981193836934708, 0.03971780689394141, 0.04085006431344297, 0.03791272429866599, 0.04027765919617214, 0.0474381059557981, 0.043612855011141385, 0.041903014372956085, 0.04144291652666105, 0.04052176157833188], "mean_absolute_error": [0.29312072788085136, 0.19546094213749146, 0.1637074887960941, 0.130605861648813, 0.11737049876393138, 0.10456757273498948, 0.09837708596166198, 0.1004518092303843, 0.09779644971127277, 0.0994467024359253, 0.08652810101117288, 0.09287546559438839, 0.10400637009969124, 0.09526497453867973, 0.08222582925866534, 0.07679443264549429, 0.08564547089846818, 0.08721100695274926, 0.08762434411507386, 0.08514064341991931, 0.08941946366241763, 0.1061256462773243, 0.08990567823598435, 0.08667661458045453, 0.08729121724625567, 0.08275263579366925, 0.08177348762959033, 0.08498458579912052, 0.0805004170828766, 0.07633835103336747, 0.08270533966434586, 0.0764795106972431, 0.08989699033798872, 0.08295280254491559, 0.07782876317005058, 0.07144676659490679, 0.08737295563821193, 0.08828134256434607, 0.08956545471519857, 0.08056622238217534, 0.08267373174845756, 0.08049616139460276, 0.0849946295464789, 0.07776605040877016, 0.077580123827174, 0.09364752862211707, 0.0965221961895069, 0.09046215558802331, 0.08466694894787315, 0.08793811031154819], "r_squared": [0.9430990244125153, 0.9696340281646568, 0.976942763878749, 0.9823566916939261, 0.9856815108886132, 0.9855877377770164, 0.986153119510704, 0.9862024671547897, 0.9871806206403079, 0.9883557449687611, 0.9894746637844539, 0.9887643018802563, 0.986296842148254, 0.9870627793398771, 0.9888391994929814, 0.9885699236309612, 0.9890570953175738, 0.98894522615246, 0.9892760527717483, 0.9883560592477972, 0.9889412764069083, 0.9852164629456046, 0.9887810428659399, 0.9882890786324348, 0.9885572420133577, 0.9883621589287178, 0.9896567368007206, 0.9895116770184124, 0.9897845087351499, 0.9903912248311343, 0.9903099632763362, 0.9900934575320958, 0.9892314655797465, 0.9895303795387694, 0.9902257273247191, 0.9902361339622444, 0.9888256454801226, 0.9893683870355566, 0.9887547151192085, 0.9906484497177017, 0.9897228591925614, 0.9905087568543174, 0.9893761877413396, 0.9903904053714726, 0.9898381854270721, 0.9848993378919322, 0.9887213156773493, 0.9886239229382335, 0.9893414840831624, 0.9895771408414508]}