{
  "val_loss": [
    2.5876573693512253,
    2.1055302705026278,
    1.8617293628835982,
    1.66911542115112,
    1.790168082833173,
    1.5661900624015006,
    1.4786589275921185,
    1.4204592540142076,
    1.3892288906516617,
    1.4324676250657393,
    1.3361612651540513,
    1.3415657448666185,
    1.2928589850801433,
    1.3414518933493909,
    1.2414497640711828,
    1.2768948708356085,
    1.254023943352671,
    1.2174260734407247,
    1.2741627679786127,
    1.2031950093221513,
    1.2772147030778305,
    1.218551054961736,
    1.279117862422605,
    1.2342460957599777,
    1.269353628436245,
    1.2510189374008192,
    1.1960569112726271,
    1.1900042479894344,
    1.2159189012049518,
    1.2860608289648925,
    1.196607700921566,
    1.2455130445148221,
    1.2215704786289403,
    1.2248666703722617,
    1.2178478796565142,
    1.1785709872564931,
    1.176764342384905,
    1.1747137431779,
    1.175152766777989,
    1.211227326519254,
    1.1873548666422236,
    1.1723754882281832,
    1.2750494186722336,
    1.159427787380267,
    1.1560706342684013,
    1.2107763689764723,
    1.2199274070070758,
    1.2088464233000165,
    1.1650371111798679,
    1.3535089611643076
  ],
  "val_mean_absolute_error": [
    1.0539802289094249,
    0.9309487201867744,
    0.8875081002345101,
    0.8265130758359569,
    0.8912477597784778,
    0.7856165364271267,
    0.770503490578592,
    0.7423071262382179,
    0.7288338323114353,
    0.7411083702752541,
    0.7167305757376315,
    0.7250271525539235,
    0.7166008783599914,
    0.7202930283247791,
    0.6885053452340162,
    0.692204560954734,
    0.6910127296668167,
    0.6725841888119404,
    0.6746831376166674,
    0.6735596847747681,
    0.6910839528578138,
    0.6644208913319871,
    0.6716223592571581,
    0.6652450715756897,
    0.6844497011946783,
    0.6684034186877155,
    0.6551107566878319,
    0.658210818019304,
    0.6688138139631087,
    0.6721040026958552,
    0.6476774623634788,
    0.6655497575430676,
    0.6526781352689729,
    0.6523786136110449,
    0.6644932772624664,
    0.6423271374183138,
    0.6419606353809723,
    0.6446548521910539,
    0.6440849955132909,
    0.6434063234464482,
    0.6391523685833702,
    0.644225785614905,
    0.6953920510048587,
    0.6377655396711271,
    0.6354479946774956,
    0.6403018402549765,
    0.6565297550959853,
    0.6683107223889122,
    0.6388100605029745,
    0.694949848714579
  ],
  "val_r_squared": [
    0.6699085609223866,
    0.7316884037327634,
    0.7451409408965832,
    0.7725944956721674,
    0.7527838051797342,
    0.7902520699520537,
    0.8001425507165019,
    0.8123161501072166,
    0.816199478553167,
    0.8080056281531349,
    0.8170070833002004,
    0.8155324569405763,
    0.8214249890489518,
    0.8152263239677836,
    0.8307351964595827,
    0.8255092048350067,
    0.8268810878062114,
    0.8348622818535928,
    0.8313217179376249,
    0.8335900124422949,
    0.8242047711758703,
    0.8337580606436235,
    0.8347342024062249,
    0.8355125093677287,
    0.829593904165632,
    0.829071762050381,
    0.8381636311680987,
    0.8366609513960157,
    0.8320662358315738,
    0.8341974285400594,
    0.8377594756835723,
    0.8346718715439118,
    0.8335213301881412,
    0.8337862855640589,
    0.8306691506935873,
    0.8414801135555089,
    0.8390143591706394,
    0.8398083457758452,
    0.8409901331643325,
    0.8366119636531152,
    0.8422728615694705,
    0.8392011604729175,
    0.821943221699285,
    0.8428968787193298,
    0.8416425035362554,
    0.8335059921504165,
    0.8348935885276105,
    0.8313887868524122,
    0.8397915767792793,
    0.8165946309503188
  ],
  "loss": [
    2.94590365495529,
    1.9611666900275873,
    1.5653655222793563,
    1.3187452693895108,
    1.1459365595289703,
    0.9989726868059535,
    0.8962717179494714,
    0.8272077295369001,
    0.7431026626931847,
    0.688907749437982,
    0.6505382967085058,
    0.6089691215438674,
    0.5695999159906312,
    0.5452206962956684,
    0.5369913026831469,
    0.4855807232259556,
    0.4785368020691939,
    0.448705858264201,
    0.43085130510018094,
    0.4212616342823969,
    0.40816453527623286,
    0.39207004082879815,
    0.38108386888946233,
    0.3735615424517228,
    0.3666668479154901,
    0.3582557679428531,
    0.3494644201453553,
    0.33289097944775436,
    0.3388117764001044,
    0.32068170529642354,
    0.31924048121787707,
    0.3114868053955119,
    0.30161502625287234,
    0.298132795745176,
    0.2895384522155088,
    0.2948725341819789,
    0.2882530810197181,
    0.2813167635287462,
    0.27707509020606913,
    0.27613371049459967,
    0.27814703547189723,
    0.27016563981851177,
    0.26881735584306865,
    0.2669312386692669,
    0.2613669019669943,
    0.25531278303047794,
    0.2536299760901883,
    0.2515449324797964,
    0.25227474278293355,
    0.24337031833761716
  ],
  "mean_absolute_error": [
    1.1577810956560135,
    0.9378994207867911,
    0.8325123387093657,
    0.7603042160107462,
    0.7046304885482602,
    0.6561751542818014,
    0.6198101047290512,
    0.5876616377879598,
    0.5577270699723926,
    0.5333181094140079,
    0.5124577186048875,
    0.4947942639533327,
    0.4747416715298599,
    0.4621602357436621,
    0.44978258966614537,
    0.4311237332189964,
    0.4230979088616187,
    0.41007751511806856,
    0.40011141360212304,
    0.3913350173147143,
    0.385103733314759,
    0.3747503883760216,
    0.36801119754668077,
    0.3598024054343997,
    0.3543748198038783,
    0.34568499295337773,
    0.3427513618401771,
    0.3344123871871601,
    0.3330953200942704,
    0.324557002568524,
    0.32303719830959354,
    0.3177911764881607,
    0.31225527927231905,
    0.3087457091178453,
    0.30280491785824093,
    0.3028250546313181,
    0.2983983781061561,
    0.2922366208874579,
    0.2925225583277905,
    0.28907009049732824,
    0.28852392613169575,
    0.28023204858832457,
    0.28092443190564964,
    0.278892743464421,
    0.27597572416014843,
    0.2716781876283831,
    0.2697106421703445,
    0.26821049711069556,
    0.2668513918549137,
    0.26329524415721317
  ],
  "r_squared": [
    0.6020654371649835,
    0.730968056505222,
    0.7835128496943339,
    0.8169109359474003,
    0.8410730566297748,
    0.8610646037892511,
    0.8743402812594263,
    0.8855344197619339,
    0.8963609327714039,
    0.9032193088039202,
    0.9110550840777977,
    0.9162063542691214,
    0.9203946080277897,
    0.9257106683610297,
    0.9281219179162054,
    0.9332738276268174,
    0.9342822627206285,
    0.9381113734850174,
    0.9410818177974314,
    0.9424582975976157,
    0.9441546422380075,
    0.946333253081268,
    0.9481465874489473,
    0.9487293051692185,
    0.9507935475134766,
    0.9522972985008933,
    0.9527753428567033,
    0.9542987119883091,
    0.9550260348898416,
    0.9569979427976556,
    0.9571720640430259,
    0.9583404792310576,
    0.9599140497318497,
    0.9603955238777284,
    0.9613748913370352,
    0.9610526691724656,
    0.9620312539506054,
    0.9631710622249137,
    0.9631362336411371,
    0.9632334254829692,
    0.9634247712540064,
    0.9649724398576555,
    0.9643811102698239,
    0.9653726415895659,
    0.9655000857956796,
    0.9665239547259087,
    0.9666670901563565,
    0.9669789148670137,
    0.966777329020061,
    0.9676883058199256
  ]
}