{
  "val_loss": [
    2.3695431471031405,
    2.1807218065629113,
    1.8468406504186219,
    1.819514509868755,
    1.8049844738131287,
    1.6780649026954846,
    1.6825728103903375,
    1.6602327612173398,
    1.9057505893635698,
    2.0049144955141474,
    1.7021523172659523,
    1.6552478003757354,
    1.5299470419221997,
    1.5803554701418836,
    1.7113563624022694,
    1.5596165162163544,
    1.6717268735196589,
    1.5373580514030234,
    1.6865025877218278,
    1.7356728332322469,
    1.6251044318853585,
    1.5374391257648754,
    1.590486003113642,
    1.5284596531217998,
    1.726732590466443,
    1.5347473948840689,
    1.77281621803352,
    1.6185525864126693,
    1.6412175639494277,
    1.5296508854754414,
    1.563284200938063,
    1.6100926141918086,
    1.964057739399637,
    1.6001583534810193,
    1.5273860288558585,
    1.643532346825131,
    1.5736848345898256,
    1.5775939471677591,
    1.4879482339656318,
    1.6000004878442253,
    1.5596560385787614,
    1.5526953222860342,
    1.5198874823443236,
    1.5386887985305315,
    1.5199119897848627,
    1.6105190076913898,
    1.5012663260053678,
    1.6169965321852668,
    1.4802964873871476,
    1.5358159114956713
  ],
  "val_mean_absolute_error": [
    0.9896861527596604,
    0.9286424708703307,
    0.8504757391930713,
    0.8220143892718272,
    0.8044891388305591,
    0.7929086645318766,
    0.7766969143384805,
    0.7669736714187607,
    0.8114301135984413,
    0.9143425461773151,
    0.7890107858883828,
    0.7679695025772107,
    0.7274239010689661,
    0.7313703389769787,
    0.7655518571377368,
    0.7284390409606493,
    0.7384232374209845,
    0.7210937109668097,
    0.7831485180777294,
    0.8030316814470936,
    0.7442867034457412,
    0.7245512927496086,
    0.7238187678569012,
    0.7104457102951608,
    0.7520461250730007,
    0.721119040858271,
    0.76164318424703,
    0.7436132262265116,
    0.7331940052153759,
    0.7138966141764475,
    0.726909143672707,
    0.7529621994380002,
    0.7657286974915906,
    0.7323028343151714,
    0.711468067408731,
    0.7156012419545075,
    0.7266744525050381,
    0.7241933844623756,
    0.6992223520840206,
    0.7258203022814086,
    0.7138662324280489,
    0.7088216634028459,
    0.7062160215322766,
    0.7123425448463474,
    0.7049594578075818,
    0.7391878735593982,
    0.7034426807487189,
    0.742438494316866,
    0.6998905700132636,
    0.7164175454501107
  ],
  "val_r_squared": [
    0.7032221065519562,
    0.730854832985379,
    0.7704487547129539,
    0.7802270965501138,
    0.7823128852391812,
    0.7888566723854202,
    0.7965770584652467,
    0.8029849509921613,
    0.7805084370667102,
    0.7395897196454719,
    0.7916735490907749,
    0.7988356484211196,
    0.8178298822828526,
    0.8162183174435856,
    0.7900222535952567,
    0.8153035226917963,
    0.8117443723667235,
    0.8146633627998563,
    0.7958871190225469,
    0.7831962358767068,
    0.808797454302081,
    0.8193719162630723,
    0.8161505446238291,
    0.8231036626865013,
    0.7955915454079556,
    0.8176204433067966,
    0.7996638286396969,
    0.8030787541188897,
    0.8101305675757117,
    0.8196751438156469,
    0.8138250979221325,
    0.8089580962552906,
    0.7654226032977606,
    0.8125463646757374,
    0.8224464356235925,
    0.80686587061631,
    0.8142260300260973,
    0.8150637185877787,
    0.8255639650990882,
    0.8125078025623917,
    0.8175876205508905,
    0.8169871046402556,
    0.8199414553106174,
    0.8180970755094351,
    0.8234721040607234,
    0.806425269262546,
    0.824389531487257,
    0.804252109059118,
    0.8235628682453012,
    0.8175243507341615
  ],
  "loss": [
    3.043567450487476,
    2.087409347122465,
    1.7179907691176017,
    1.4721555430672535,
    1.3183658274094325,
    1.2161310252793496,
    1.138365136520824,
    1.0651378317001727,
    1.0244347854400118,
    0.9852380151103879,
    0.9504768396642277,
    0.9376873949496736,
    0.9055222690837362,
    0.8780984300258596,
    0.8602772782103144,
    0.8559025203141551,
    0.8400961030737332,
    0.8280003965965431,
    0.8077602703601556,
    0.814122793714442,
    0.8013251109362245,
    0.7920213723286896,
    0.7740456442266195,
    0.780017198911011,
    0.7722240494032107,
    0.7667881345164733,
    0.7536538119021,
    0.7666061187275216,
    0.7612144897294902,
    0.7585846771377445,
    0.7271642617880655,
    0.7264015727347851,
    0.7291808980364132,
    0.7317826258868113,
    0.7289332584396407,
    0.7236551222958769,
    0.7227853997961178,
    0.7162665915172772,
    0.7103284115569927,
    0.7119614480400409,
    0.7118759914403459,
    0.6954684492439409,
    0.7030286313428277,
    0.6974483710266705,
    0.7074985349297959,
    0.6897946805348968,
    0.696476242034754,
    0.6908769585500528,
    0.7002321264805033,
    0.6910886267395896
  ],
  "mean_absolute_error": [
    1.1705971552680257,
    0.9454728785360068,
    0.844390141502864,
    0.7708635558244998,
    0.7226895783797943,
    0.6869270943201425,
    0.6557587521287997,
    0.6301786494780268,
    0.6087928150122041,
    0.5910885281388377,
    0.5763126479068562,
    0.5636389639792202,
    0.5486984039633062,
    0.5399382086789279,
    0.5303630126916868,
    0.5228840881471744,
    0.5182252216897224,
    0.5085313515047029,
    0.5018753253828752,
    0.5002271544839729,
    0.4945733875842727,
    0.48902044412481105,
    0.4826724654418456,
    0.4806557854397154,
    0.47794078114877936,
    0.47160949251593004,
    0.4705660959755045,
    0.46772394299976805,
    0.4681085643540197,
    0.4635552486472966,
    0.4582584004356497,
    0.4554926817237438,
    0.45799258829167616,
    0.45643203162832946,
    0.4545431631517428,
    0.456367806225044,
    0.4494318895015588,
    0.448692226408198,
    0.4484348293432096,
    0.4476110348758591,
    0.4472728014153436,
    0.4422802685741669,
    0.4440982593707527,
    0.4429754881389092,
    0.4441165540057433,
    0.4371042466661069,
    0.4391617316607723,
    0.438298184808663,
    0.4386598252109898,
    0.4354019935567896
  ],
  "r_squared": [
    0.5954860177710111,
    0.7269742983552381,
    0.7790649701669096,
    0.81300959063746,
    0.8348688387704177,
    0.8506281526818993,
    0.8626937801523965,
    0.8733768156398736,
    0.8803250780560995,
    0.8872296160633844,
    0.892944198692376,
    0.895977904091211,
    0.9025289157308166,
    0.9046515961997178,
    0.9082898481280324,
    0.9094793258227413,
    0.9118563079153141,
    0.915063062659811,
    0.917149639345959,
    0.9168054229317099,
    0.9190422800893193,
    0.921034454657273,
    0.9229795722215721,
    0.9235840905080525,
    0.9239560234396849,
    0.9245628350282858,
    0.926081644062602,
    0.9257346811949482,
    0.9261616567162132,
    0.9275968013221002,
    0.9301876265450095,
    0.930777389678621,
    0.9301750582235297,
    0.9297391703068273,
    0.9308773525486679,
    0.9302233636147837,
    0.9319336218620414,
    0.9322220982734037,
    0.932489225757313,
    0.9323228129113824,
    0.9324811146774431,
    0.9347214006014567,
    0.93317610234047,
    0.9341283447401766,
    0.9333915817978583,
    0.9349135226730687,
    0.9344678538187678,
    0.9359632623948827,
    0.9352958977666397,
    0.9356640872776918
  ]
}