{"val_loss": [2.535002007562926, 2.0805757174463992, 1.8694319565342206, 1.964633194184265, 1.7320434263733777, 1.5967954686663093, 1.6803235079821448, 1.5596738474679677, 1.498362220112992, 1.537684209568048, 1.5127675008796018, 1.4683021284160458, 1.4324353426792056, 1.4631363833639845, 1.4502767907319907, 1.4184769404169577, 1.445475249873215, 1.3875307397779715, 1.4158191274884535, 1.3780224152594671, 1.4531906623327928, 1.3838923857371144, 1.3473426759215243, 1.3371015735106708, 1.3499440356091723, 1.328521316506501, 1.3440564849854404, 1.3696307706205955, 1.473592034605042, 1.3755500934355882, 1.343589290790636, 1.3459751976777248, 1.3984918574120875, 1.4136623068220886, 1.3766127883650587, 1.3326749694884839, 1.3418226439585454, 1.4332155786357106, 1.371486447191157, 1.3395230937827243, 1.4333924166663436, 1.422584493817167, 1.3446081555206228, 1.3717859741249245, 1.358132980169609, 1.2926134758900458, 1.408890534109985, 1.3422584544798437, 1.338563100232416, 1.4002892870551045], "val_mean_absolute_error": [1.0481359342856402, 0.942694449407466, 0.8814340238862665, 0.9226802974311491, 0.8534266125113643, 0.8101098928967891, 0.8477279591174086, 0.8020185976302663, 0.7754028680883732, 0.7954318904655803, 0.7898718417415869, 0.7623309092255346, 0.7609938476524885, 0.7604270027293336, 0.7710263258064809, 0.7597511546157262, 0.7680601610876499, 0.7435606116833626, 0.752645511805897, 0.7361937393633202, 0.7793746023322738, 0.7387872117450194, 0.7240058264226867, 0.7232241848159437, 0.7340842954298805, 0.7285854397825131, 0.7284027183763643, 0.7448039062244439, 0.7635505863972175, 0.738826561340653, 0.7235444829980929, 0.7186947543463467, 0.740923024484525, 0.7211175317799825, 0.7468772167047301, 0.7149630089904268, 0.7197069817278238, 0.7260764925658465, 0.7256171388731986, 0.7217184726209199, 0.7168675787799742, 0.730256129828501, 0.7213984374655928, 0.713109298123602, 0.7249720005201956, 0.701115861464882, 0.7481529349384548, 0.7102375213968698, 0.7164109154229851, 0.7291992822168061], "val_r_squared": [0.673798548156501, 0.7261048607330366, 0.7551582677498004, 0.7336321867976575, 0.7646338729743872, 0.7883496841564146, 0.7711769983174731, 0.7909838264233714, 0.7965301540557059, 0.7914488779979559, 0.791121320637112, 0.7946611022941814, 0.8015406449467162, 0.803278763605587, 0.7999050471530802, 0.8030784903238313, 0.796755464540159, 0.8088536947692574, 0.8056845458572378, 0.8117528002425882, 0.7995404714666493, 0.8133030965051898, 0.8145084021852786, 0.8156196659374845, 0.8113460182693164, 0.8164644024931031, 0.8159272903931784, 0.8117251058247797, 0.7942454750798641, 0.8109815952706161, 0.8147562995226748, 0.8132391806171821, 0.808631221804043, 0.8044216892716677, 0.8079547276746919, 0.8159060605756182, 0.816658458522008, 0.8014657570465584, 0.8102493871627582, 0.8133823258874703, 0.8041929592564953, 0.8039511694221481, 0.8134256902889495, 0.8111990068947235, 0.8127821912318259, 0.8233454640968424, 0.8009269105159531, 0.8142592733281142, 0.8156612298584754, 0.8073164986258394], "loss": [2.9614934897527694, 1.9248399947570862, 1.54976659586969, 1.3093596718547376, 1.1529789589547934, 1.0235131446353876, 0.9303258051892275, 0.8618323118083379, 0.7930481351908379, 0.7506315343168728, 0.69999546757954, 0.6635000747310088, 0.62242800352287, 0.6011532234068424, 0.5740466624617497, 0.5564613916442457, 0.5349310609237801, 0.5162294698441865, 0.4937690905089539, 0.48291102021943744, 0.47259905439471095, 0.45644564887765493, 0.44768129388165634, 0.4387307577900687, 0.423092473648739, 0.4121353205434509, 0.4130409341575573, 0.39771135037783817, 0.3869176585649671, 0.38749554370303446, 0.3728223653482519, 0.37939632891223646, 0.36804847959304215, 0.36281468158769564, 0.3552016550261881, 0.34745387616731893, 0.34625221426803804, 0.34133320610597545, 0.3350845215160181, 0.3324934371349484, 0.3317584731353902, 0.3247340533624728, 0.32339751748265566, 0.323647727381421, 0.3138293582738548, 0.31390245113190457, 0.30782649227400943, 0.3090446053775005, 0.30501908493448066, 0.3021184517915545], "mean_absolute_error": [1.154175823754658, 0.9318050486850248, 0.8327631904796883, 0.7651205850940644, 0.7132805277068247, 0.6732102801523254, 0.6399456092775343, 0.6125630158018148, 0.5872984585499629, 0.5663824248944009, 0.5469973418656257, 0.5325860094414573, 0.5160176702053503, 0.5017156904143405, 0.490019193927855, 0.4781563118785381, 0.46863929990796765, 0.45892768881378754, 0.4500203710437743, 0.4428442396609005, 0.4356240511890167, 0.4259265575344005, 0.42109210321723795, 0.41447404934073484, 0.40764180722106497, 0.40220866130887084, 0.4001179760508866, 0.3931735678246101, 0.38735214620567227, 0.38465210020300455, 0.37822107783268394, 0.37678649438533807, 0.3720715828533673, 0.3691864412149486, 0.36383900479023473, 0.3628090802433883, 0.35768206599933, 0.35629398135033247, 0.3519497707031486, 0.3485160043544156, 0.347550315994645, 0.34209569575743876, 0.34215099194509696, 0.340543083562413, 0.33481363828581334, 0.33458427752527803, 0.3315324155458064, 0.3308213071316704, 0.32786113408969214, 0.32546452789023744], "r_squared": [0.5982928497593208, 0.737601735998269, 0.7860337398675671, 0.8195196326527752, 0.8413264456673049, 0.858307070239208, 0.8712076827291068, 0.8800001472194444, 0.8892290135274369, 0.8965132821604871, 0.902757410279691, 0.9078158803661914, 0.912964824671248, 0.9163349758237245, 0.9198754526907652, 0.923572528126413, 0.9260347439405392, 0.9290398762442974, 0.9309715187717916, 0.9328114284434558, 0.9345426544408667, 0.9372054753049703, 0.9384863959982915, 0.9403735394439859, 0.941683055522975, 0.9432250229050696, 0.9424811482045544, 0.9454103294214367, 0.9467008096836572, 0.9470674922241181, 0.9486706105246829, 0.948723959038997, 0.9497763344139925, 0.9503194827366043, 0.9513584347270114, 0.9523817517370508, 0.9532044469890255, 0.953435177540164, 0.9542673705671358, 0.9547450056205773, 0.9550419192559882, 0.9559287874722567, 0.9558303946707962, 0.9563639125763501, 0.9571685350311844, 0.9575610380973835, 0.958543711830604, 0.9580172013986876, 0.9587353492898683, 0.9592293093645572]}