{"val_loss": [0.9692608812924663, 0.7395590470931501, 0.8646581447561373, 0.7222903216904578, 0.599741395543383, 0.6096904968508043, 0.5713683875443424, 0.6460422926548264, 0.6240338759064467, 0.541662473641141, 0.6374947211297187, 0.5579761938690931, 0.5735634328183079, 0.5511816449814442, 0.5945261888479063, 0.5967493294421291, 0.5441691661172304, 0.5354269347681841, 0.5942286257136347, 0.5125490419735668, 0.5607789338779283, 0.534043408917299, 0.5430195467842395, 0.4975251254819035, 0.5049965331691721, 0.5463579484305456, 0.5665120964066936, 0.5930196645996333, 0.5126965003279907, 0.5267155653103068, 0.5777973657503178, 0.5100273127955292, 0.49965400762374906, 0.49693975523504286, 0.5527757132656703, 0.49099938802902193, 0.543279585621952, 0.5226547269712984, 0.5129316169345982, 0.5196873936769641, 0.5311357536032978, 0.5077855774245337, 0.5058312141458402, 0.527236213650795, 0.5201006319510375, 0.5291936584792212, 0.5073935216842106, 0.5192766446509702, 0.5015569842090574, 0.5194245801546187], "val_mean_absolute_error": [0.7103773811100665, 0.6078611533263175, 0.6618375703302354, 0.5692486603846725, 0.5020939671348319, 0.5024054391637939, 0.4624081000191587, 0.5090610534732879, 0.49044921541713293, 0.47354946929122765, 0.5156925982205656, 0.45037739262322896, 0.45083860639502243, 0.4541327214781943, 0.4771944190819226, 0.47056581628676275, 0.46121118694907914, 0.4443178630416098, 0.5197389696905126, 0.44786059918828036, 0.4474367223693022, 0.434616344761474, 0.4353721242716591, 0.41060824752061986, 0.4177656709419703, 0.43672485626180757, 0.4414984045020365, 0.4854475748684602, 0.446168507893048, 0.4301914672576944, 0.47466479972603015, 0.421361327691436, 0.42510473457722553, 0.4106150515000441, 0.4507750776217662, 0.4279697323136721, 0.45182484065883033, 0.4197299475237129, 0.4145094479773889, 0.48040279532810365, 0.41967487106356527, 0.4408637849032151, 0.4110874470199798, 0.4287533597796375, 0.4303177146803438, 0.4708006311253519, 0.4387766209156309, 0.4189253109287841, 0.4146371262235791, 0.4223398282265788], "val_r_squared": [0.7286907657070726, 0.7873642630810097, 0.7498489283350334, 0.7937838309306333, 0.828721091177243, 0.8279956756045889, 0.8392487756036755, 0.8164882622464165, 0.8214274285975551, 0.8443860022601449, 0.8172189825284335, 0.8428045238707911, 0.837779702316404, 0.8423031585170753, 0.8303481119881542, 0.8306067291562678, 0.8459200734243343, 0.8492406371584321, 0.8294673881397614, 0.8533875333701129, 0.8440786720778514, 0.8490619753043689, 0.8472135848191812, 0.8588225061356709, 0.8566163266516481, 0.8446823006941178, 0.8405991935189066, 0.8299001754890561, 0.854399117499746, 0.8506945446523696, 0.8359256002915467, 0.8558821946538556, 0.8583411354877146, 0.8584731769395332, 0.843110171600162, 0.858990064674231, 0.8452385635900248, 0.8508101146258609, 0.8557361744045171, 0.8505219676731769, 0.8495060806707145, 0.8554848389891846, 0.85744134501845, 0.8500422174809907, 0.8504455984158874, 0.849279446023505, 0.8545685463550827, 0.8536043089097707, 0.8582809578893904, 0.8532247825234764], "loss": [1.7905499193218204, 0.5628861359782986, 0.3532250554828377, 0.2998163666758504, 0.2467814417152138, 0.2433801379862365, 0.17484417276365774, 0.15392674391086286, 0.14628847042372176, 0.15636468204584988, 0.1423832940367552, 0.13602644767794575, 0.11764904161120628, 0.14225799314208798, 0.11349519740764077, 0.11114885084904157, 0.10526517804686006, 0.12231030075491725, 0.12386801390797941, 0.1706816609297599, 0.10176339068196037, 0.10878631845116615, 0.08700454298901808, 0.0828259741509711, 0.09273981693741325, 0.0800308995079119, 0.08484178617388219, 0.07693025344735259, 0.179164653943552, 0.11628717959083461, 0.07838702873958574, 0.10827189673493792, 0.09290997472988975, 0.07361934653164207, 0.10243266143582085, 0.10879620638760654, 0.08820102173652682, 0.0792396541658815, 0.06862211628602101, 0.07830029957882174, 0.07165432781293675, 0.06480943866178289, 0.08097192045900371, 0.0821635288192884, 0.08320027243319925, 0.06430205127706269, 0.08154591480335155, 0.07711307197757117, 0.07930165258320895, 0.0661684293951188], "mean_absolute_error": [0.9595093727111816, 0.5465305247506895, 0.41745667357544797, 0.3849756453003917, 0.3361143217636989, 0.3322844143722441, 0.2798724828900157, 0.25787595956475584, 0.24745422018157853, 0.2509541182251243, 0.2419493802777537, 0.23737735431511087, 0.21159266018784129, 0.23271851460416834, 0.19874257203582282, 0.20183780289196468, 0.2027847034322632, 0.22377172070783335, 0.2234167660866584, 0.26893402792357063, 0.1949778277348805, 0.20103168893944134, 0.1701155905123357, 0.16538885933952732, 0.18100637739354913, 0.15376916454805362, 0.1672029930811662, 0.16236961012953646, 0.27034777204890353, 0.21128917131182198, 0.16546061536023668, 0.19899436018683694, 0.17867184018755292, 0.14816210570035282, 0.19600080818563073, 0.1941225008739458, 0.1790883645311102, 0.1563223753567342, 0.13794024924298268, 0.15209820731119675, 0.151034689137152, 0.13280658694830808, 0.15561315292245023, 0.16258645828787263, 0.16620025038719177, 0.13960644821603815, 0.1671615325279169, 0.155123191071557, 0.15763706541978395, 0.13819093663584103], "r_squared": [0.5291950114957102, 0.8426044541639048, 0.9055369087866136, 0.9163080353836913, 0.9309785732856164, 0.9341351335698908, 0.9518016385031747, 0.9590659950162981, 0.9593138711435811, 0.9588013879069082, 0.9615608737185285, 0.9645957688351611, 0.9678588651276968, 0.9613812044783906, 0.9706445132102166, 0.9700357347101598, 0.9722120186665675, 0.966895740348976, 0.9678928005945432, 0.9539224572115012, 0.973365494421312, 0.9722931543430249, 0.9748447462395354, 0.9796640401953584, 0.9757002033553757, 0.9789520018584245, 0.9764833458653697, 0.979583265898111, 0.9499212370052205, 0.9696892116453264, 0.9786501368442615, 0.9717515148482956, 0.9752040638790264, 0.9804454762618858, 0.9726626114411787, 0.9692905111746355, 0.9767330022124977, 0.9797821532596241, 0.9760300838030301, 0.9789542234860934, 0.9819213527065891, 0.9835593037671976, 0.9772778778643041, 0.978914330889295, 0.9782763023476501, 0.9823687209949626, 0.9763609904509324, 0.9801237128831289, 0.9796049103036627, 0.983867485206444]}