{"val_loss": [2.6073221544763046, 3.367569773715132, 2.37276999263254, 2.243260405449784, 2.0544649186949595, 2.1553188684940756, 2.174729481901748, 2.0328024843784522, 1.964162832486518, 2.024590635498375, 1.9744760504148535, 2.0327079222682247, 1.9073384783950316, 1.929146080667715, 1.9346346798949658, 1.9842890149978472, 1.9319462657092032, 2.0046495956888086, 1.9793756017218935, 1.984534888115968, 1.9895660284976238, 1.9691081587600254, 2.068783555232477, 1.9944851080498418, 2.0866093963031362, 2.0510959331648304, 1.9421565614382705, 1.8705365499531212, 1.9205801007392103, 2.1081968013208177, 1.9938373986753692, 1.8702071309860981, 2.002264400361284, 1.9244655279449514, 2.0094198229470988, 3.4281959258854107, 1.9597873341821848, 2.0043865683977327, 1.964365039122784, 3.1185497217305707, 1.9886357635190208, 1.9183106940752404, 1.930353691269506, 2.025433554382291, 1.9131424005644078, 1.867616158210748, 1.9122394296383598, 1.9482067773366691, 1.9724663285415818, 1.9936331496166388], "val_mean_absolute_error": [0.9909400803016403, 1.2310096110559112, 0.9526876449566449, 0.9320736114323105, 0.8579849967725023, 0.8816317891974622, 0.8925221092465613, 0.8426126134069176, 0.8250082363665946, 0.8281881816053102, 0.8164139453178423, 0.815253045388128, 0.7921322601090444, 0.8193403083725593, 0.7977135222893249, 0.815712611715618, 0.8025395688793909, 0.8272894366914623, 0.8213960358004212, 0.8330267244931907, 0.8278600565363725, 0.8227137344101583, 0.8475659527148733, 0.8251483268487021, 0.8519900943238368, 0.8509277075064763, 0.7994102789252507, 0.7833939095579866, 0.7979471694269846, 0.8998090860926221, 0.8122975691559831, 0.7927569106280591, 0.8225795358930034, 0.8134481326980468, 0.8346942886289797, 1.0805795994584397, 0.8087502782392578, 0.8305124430912142, 0.8081939907490858, 0.9509623595026748, 0.8164309750056685, 0.808726827462975, 0.7993139973788338, 0.8256104062899243, 0.7949002516017307, 0.7933618345272467, 0.8133916848132474, 0.7999596587001947, 0.8055110776502774, 0.833099308418829], "val_r_squared": [0.7038166933816451, 0.5532837624789038, 0.7238594374336301, 0.7372312687884651, 0.7681511386506238, 0.749453738471404, 0.7514482592998303, 0.7734618586618662, 0.7808283192936546, 0.7721715893543768, 0.7817236898885676, 0.7852635916064655, 0.7918045740917644, 0.7862994190797382, 0.7910440929700292, 0.7838723730353553, 0.790280044964304, 0.7787044555005884, 0.7813419873648175, 0.7723949537667696, 0.7792019503470429, 0.7751007427543061, 0.7599946607145884, 0.7792844781903254, 0.7600355863207103, 0.7658565030303318, 0.7876958990234033, 0.7994395928252305, 0.7891440083166168, 0.7551514151223582, 0.7843299549345064, 0.7927942714358445, 0.7728229755631848, 0.7818444128812511, 0.7696849177006986, 0.5576334641558444, 0.7840630806493885, 0.7736894415614459, 0.7843045569507779, 0.6161310496836989, 0.7840997380797886, 0.7848251750395284, 0.7833562521153562, 0.7771853350526743, 0.7911984312947143, 0.7918554240363042, 0.7837728743252285, 0.7871337969781104, 0.7879529261948177, 0.7709249169462814], "loss": [3.313897330710287, 2.3908913258382047, 2.022865015155709, 1.8305530787453612, 1.7114064969751273, 1.6153381788010353, 1.5954635345983474, 1.535066651301049, 1.490202077666572, 1.470873991220515, 1.4441488367980582, 1.419909267631847, 1.416392431274788, 1.4045882161988335, 1.3886219237111488, 1.3668989703906393, 1.3399889928366295, 1.3561712711662952, 1.353752196145367, 1.3151806711890028, 1.326572458633592, 1.3261935706038919, 1.31213952584012, 1.3191477831419338, 1.3038962551946351, 1.293868917069265, 1.289298140714685, 1.3137596114361334, 1.274576783308452, 1.2822036341308805, 1.296044505507425, 1.2732397013406087, 1.2718794885802864, 1.2623447601910316, 1.2625596495927764, 1.2621525053494862, 1.2745729802952257, 1.250146560166986, 1.2604593493668097, 1.240604085609314, 1.249245125559089, 1.2448160428830541, 1.227456090098415, 1.270614695293952, 1.2228123057935214, 1.2384219125091054, 1.221703739523891, 1.2248195619142672, 1.2521265900169665, 1.221607725027806], "mean_absolute_error": [1.1759852082263171, 0.9721534834562047, 0.8826815737766897, 0.8313854500254115, 0.7957577216797653, 0.766099872899159, 0.7516628540073372, 0.7350195140243897, 0.7175596980793113, 0.710135802157373, 0.7015579792582656, 0.6924950378307196, 0.6866163264192238, 0.6821995728013774, 0.6770366254960295, 0.6707679984732252, 0.6655022110038914, 0.6692583237824138, 0.6649423484829946, 0.6560526842580475, 0.6580375055130949, 0.6574941647089447, 0.6543573759187887, 0.6541525198668485, 0.6498532308017718, 0.647960776625252, 0.6460885709845893, 0.6448913279272348, 0.641936463845238, 0.6422839470941972, 0.6461123624933471, 0.6403302140188317, 0.6387552933193372, 0.6370523770430823, 0.6371182287921741, 0.6386297363522953, 0.637099615855216, 0.6328337843340712, 0.636074741546688, 0.6299023274360889, 0.6326847743961297, 0.6306448783694325, 0.6297133627901331, 0.6285159761852258, 0.6266621628519452, 0.630013131089156, 0.6265819422181823, 0.6281129267899451, 0.6287480064239315, 0.6259445601729676], "r_squared": [0.5958680762371257, 0.713108204728085, 0.7612194633228827, 0.7883694681478692, 0.8060391345979346, 0.8193537567224267, 0.8243533566483993, 0.834010185449874, 0.8405540283553927, 0.8443782818978031, 0.8479164008240887, 0.8528878430602597, 0.8540826985447475, 0.8562948418031079, 0.8591182121925968, 0.8610743959981318, 0.8645790878442818, 0.8622705806170032, 0.8632168402270164, 0.8677476490904573, 0.866732253311275, 0.8668954850898991, 0.8676563675079354, 0.8681706334793602, 0.8698884211736234, 0.871165671997327, 0.8721568427642481, 0.8708602458525715, 0.8733592804669271, 0.8730800729465318, 0.8716984594306724, 0.8730243934667083, 0.8740897552256677, 0.8742689504055152, 0.8749877708948222, 0.8743318589340535, 0.8723526639813979, 0.8762695653638158, 0.8753956691604377, 0.8774005014093573, 0.8766359565153329, 0.8772461173601106, 0.8787339778640754, 0.8743327734009135, 0.8797883656933204, 0.8785826246509361, 0.879720853822971, 0.8788802917803845, 0.8768218465986529, 0.879280526450919]}