{"val_loss": [3.0821299671515883, 2.793628877016, 2.887643012807226, 2.6483494580745375, 2.679665941624138, 2.7631049281574995, 2.6341816548315338, 2.6477561760000565, 2.5670197831405184, 2.5092291441126156, 2.4983858502462195, 2.4380601087621825, 2.7236669499025417, 2.5413664724029696, 2.5229517364361262, 2.647062839037069, 2.5913969713422635, 2.478337893137262, 2.4970631028278083, 2.463533080742901, 2.498477046734934, 2.543404448050274, 2.586448419593285, 2.5501342590899627, 2.6446198463143755, 2.5294270808112147, 2.471166572435542, 2.6776622138264523, 2.618882658824805, 2.73102948530977, 2.5043409243399597, 2.4574167946985748, 2.636721911406417, 2.57405919331165, 2.5649864426051137, 2.4428017164734164, 2.600187174830478, 2.5631061797433525, 2.570815414059168, 2.409178856977969, 2.4393916282910997, 2.39597376675529, 2.4626316735448164, 2.4220555065964016, 2.352687750730747, 2.9801839730329744, 2.44847478289752, 2.46545647248156, 2.5335446326923554, 2.481703771407748], "val_mean_absolute_error": [1.0569540215603614, 1.0260094650179599, 1.0825413821202527, 1.0009927863419146, 0.9939218029434609, 1.0151010490554764, 0.9607859177645939, 0.9684260187975164, 0.9442557081826214, 0.9257767702353482, 0.9384462916121065, 0.9104081267519233, 0.9861877781491181, 0.9326407376286702, 0.937519602079163, 0.9783896113708218, 0.9716578759116116, 0.9416896013704119, 0.9590868852240827, 0.933314873945257, 0.9254082992362077, 0.9268598783132829, 0.9905263340876114, 0.9733450443417989, 0.9894206517662986, 0.9549084173404465, 0.9466566043744467, 1.009489333844344, 0.985690935211304, 1.0099224642422808, 0.9197967264202911, 0.939415271839152, 0.9646290560101641, 0.9945816155379403, 0.962936519228207, 0.9400843976817459, 0.9743305411488874, 0.948523975818126, 0.9631330643488054, 0.9230746139517556, 0.9251481205220363, 0.920243357398309, 0.9348374638283954, 0.9228369091150584, 0.9176475593586986, 1.0944529003475978, 0.9513321605239745, 0.956480590278635, 0.9496799007145303, 0.9651808856967518], "val_r_squared": [0.6629310472392044, 0.6931754567064208, 0.668082717480796, 0.7054516501391894, 0.7078055772507892, 0.6966282564189668, 0.7157318235720973, 0.7085137704377762, 0.7262003731607891, 0.737902180061521, 0.7316827513464577, 0.744587376174599, 0.7024594597721687, 0.7289689371777011, 0.7342541680041539, 0.7062969589845519, 0.7177446036828996, 0.7316066579231534, 0.7264020728876122, 0.7328117671198736, 0.7353729672532896, 0.7335324364053061, 0.7035524697461492, 0.7178360771747829, 0.7106270771218146, 0.7186790712810622, 0.7294055911329532, 0.6900694003490948, 0.7037958236910355, 0.6864248506616464, 0.7337842236222228, 0.7328331671896987, 0.7074256444657353, 0.7118882707843833, 0.7202685848823325, 0.7323795091051315, 0.7081819329580675, 0.719621182209994, 0.7149534666382124, 0.7383961226081335, 0.7366539061584731, 0.7392999217021391, 0.7233317733316961, 0.7351248571237019, 0.7361362395162409, 0.656097599639243, 0.7228250179183897, 0.7238374464204207, 0.7255231264560784, 0.7181735041534082], "loss": [4.036213823723477, 2.7660476974034998, 2.5025511538132537, 2.4038441395521666, 2.336565448196126, 2.2853583722332185, 2.2547114777043227, 2.2286099130405987, 2.2091304368284117, 2.196206581300133, 2.168599840390227, 2.170830860732529, 2.1651572547618376, 2.1989555834921677, 2.207500902600508, 2.1407797984867374, 2.1217965617890333, 2.1358439421594095, 2.1207611641768525, 2.122462970478282, 2.113713202638176, 2.0879642735104076, 2.091443986796436, 2.1028963134090843, 2.0909321979010063, 2.107960679566545, 2.078342350788175, 2.0728826117893355, 2.078898449972282, 2.0884707405134324, 2.070595069373545, 2.076214813510738, 2.048222711142976, 2.083075988544668, 2.06744136835123, 2.0619552854665715, 2.07154814870145, 2.060227944491439, 2.055272636878303, 2.0558193339993798, 2.0556289598349613, 2.031052258789935, 2.04593619265178, 2.024129379317055, 2.0315408547033678, 2.0338333095518393, 2.0234636435084177, 2.0353100472699475, 2.021998135685917, 2.035229850143106], "mean_absolute_error": [1.2043130672931384, 1.0358979614243853, 0.9766241925296772, 0.9503701994068254, 0.9304431009542177, 0.918942023883103, 0.9106715089426739, 0.9026897429418883, 0.8999910890498976, 0.8930456480340078, 0.8867378211469148, 0.88586681395614, 0.8862843685777099, 0.888188037139568, 0.8955599451553241, 0.8816423886817781, 0.8764957018224652, 0.8787923176473111, 0.8783215106879174, 0.8753030371687209, 0.8759620343902101, 0.8721922095512441, 0.8697264452489063, 0.8709734154348182, 0.8711402936189911, 0.8723576072693776, 0.8666461598255032, 0.8655392925256528, 0.8681946262808523, 0.8686472373301086, 0.8658564506533422, 0.8651440755874531, 0.8630201312926759, 0.8698423315979376, 0.8655415176536218, 0.8638620422380998, 0.8663028527145379, 0.865156016841604, 0.8637374593511331, 0.8649023763311985, 0.8651878482882752, 0.8585633030060611, 0.8642693307063579, 0.8604992519964805, 0.8627710395715956, 0.8606311561788904, 0.860254964391771, 0.863385136307179, 0.8595882335239307, 0.8609601555016168], "r_squared": [0.5758013843619285, 0.6828065706362809, 0.71493588951436, 0.7282704148171045, 0.7415770206929858, 0.7476089029190364, 0.7516023186675647, 0.7564920841939626, 0.7574809610327712, 0.7606919723559066, 0.7639592446803127, 0.7628413320060801, 0.766061436735387, 0.7632350557849347, 0.760173884233936, 0.7674735645324577, 0.7691259039585472, 0.7680203738689244, 0.7702987792922291, 0.7693434598581443, 0.7704061662880302, 0.7740533815296752, 0.7716966704551877, 0.7706367368272747, 0.7738165463840526, 0.7728590587125266, 0.7763539301181098, 0.7760354449969564, 0.7744248982048068, 0.7746856179214877, 0.7749100143866328, 0.7744240746346444, 0.7777484624711446, 0.7736810273102949, 0.7759289317233478, 0.7762779652950655, 0.7753121936104939, 0.77636928913684, 0.7766635455878278, 0.7773425979969832, 0.7770878628327835, 0.7788649518369233, 0.7763607478743779, 0.7793847763819132, 0.7793523841575755, 0.7776584806908635, 0.779094400745757, 0.77646882713117, 0.7797550877562687, 0.7777666484336331]}