{"val_loss": [2.3816535543152693, 2.158355080592064, 1.7821315917436107, 1.6845811863013187, 1.5780901501493316, 1.5499256069513698, 1.4539628900524697, 1.4512812534754145, 1.373547884191105, 1.3538249171269507, 1.5776728934102364, 1.2900352514372015, 1.390143793644548, 1.3255262666900272, 1.3714634569031006, 1.2611170722507865, 1.275143479972629, 1.2636211395103236, 1.1811649936888984, 1.2129621473002419, 1.2106465753533282, 1.225042039041496, 1.2209966051152135, 1.2487889311749147, 1.1902688140454232, 1.2139452177580177, 1.2087768013355518, 1.171673377840358, 1.2255656073765884, 1.2222662673053784, 1.1502564290189503, 1.16061700324019, 1.2141178227389129, 1.2163789481860992, 1.1305903681897187, 1.1726887721478294, 1.1745316719001813, 1.2014257368744514, 1.1608285422872835, 1.2144801656036954, 1.1949201321538927, 1.1644951286779452, 1.152974021349013, 1.142241459195427, 1.125039831036039, 1.1482138922017173, 1.1564399511265306, 1.1334994519045032, 1.2413522098380232, 1.1283459942239282], "val_mean_absolute_error": [1.0145450044081838, 0.9952413216345095, 0.854704458102398, 0.8156879109633846, 0.7810356554003185, 0.7807747047752985, 0.759851182933747, 0.7658819583510197, 0.7372550881237857, 0.721402540103367, 0.7719710769505967, 0.7045070349266147, 0.7549031823711543, 0.7059486370364593, 0.7097873578555861, 0.6931303926762898, 0.688299085663937, 0.6926602125815757, 0.6600008018762591, 0.6656051328404484, 0.6777931766774357, 0.6741045495696033, 0.6621246177949387, 0.6918152433151574, 0.6625391083496983, 0.6634259995537223, 0.6563358048862278, 0.651097949885626, 0.6941054647578124, 0.6568226852743538, 0.6382514938100462, 0.6424060500589388, 0.6676560301663212, 0.6611677661396972, 0.6332628822140309, 0.6599276139194523, 0.6436934169512789, 0.6377374533818582, 0.6465693716121957, 0.6493183972024851, 0.6372137769414213, 0.6456719007025077, 0.6416070271651502, 0.6327370038942814, 0.6252654813678561, 0.6313100916837411, 0.6352368074054827, 0.6278550409000787, 0.6596550992374508, 0.6237983339055859], "val_r_squared": [0.6867310247458782, 0.7084699198414657, 0.7668617218755973, 0.7804638634829351, 0.7965175951852013, 0.7961911987558619, 0.8038342951543521, 0.8007055924844468, 0.8120198746702243, 0.8195705537723454, 0.7792629002630047, 0.8242655167996041, 0.8095784059030693, 0.8159848089926275, 0.8071170100341877, 0.8262778652973739, 0.8274544500540709, 0.8264887687477354, 0.8384831006238535, 0.8373760341814299, 0.8322476614236746, 0.8310653459483394, 0.8323559071239067, 0.826707397264269, 0.8339291376827901, 0.8331387389785441, 0.8349376101197401, 0.8411838152658014, 0.8292732285079678, 0.8348666425076842, 0.8443491360379632, 0.8421596522885109, 0.8337123986479967, 0.8329485662389884, 0.8458918233275432, 0.837547072055973, 0.8389452591131943, 0.8353767493069928, 0.8394482553921548, 0.8348556916821946, 0.8362046534726694, 0.8397521979258763, 0.8419431756233736, 0.845532447227725, 0.846466575188323, 0.8420723450406626, 0.841359445993078, 0.8463684265531735, 0.8307382558294135, 0.845010450614573], "loss": [2.952523141550695, 1.9871637724638431, 1.5479121788471009, 1.3098672260534765, 1.1317691761359996, 1.00008878444976, 0.8906990084317515, 0.8238694238293501, 0.7546354727910999, 0.6970729056884074, 0.6533897831658486, 0.6007954459376109, 0.5705889100061412, 0.540435286182299, 0.5196163580716779, 0.49634297587309806, 0.47019322711604883, 0.45838264478612933, 0.4542249370572778, 0.4282462611086117, 0.4085844316303043, 0.3945975487685864, 0.40291069819964037, 0.37589645459705906, 0.36077796598260076, 0.3591463064637796, 0.35153688560506324, 0.3403681925782411, 0.33074070674297373, 0.3189815406148444, 0.32386883934429733, 0.31311684129164286, 0.31088778444089393, 0.300325454104324, 0.3004965290086315, 0.2937627623761399, 0.29191664519361127, 0.2824303127397376, 0.2744147139844411, 0.2759079037790254, 0.2746864489672995, 0.268259894107547, 0.26053790402705357, 0.25989847323953585, 0.2579377461816483, 0.2585519775521562, 0.25181586309983334, 0.24582062878951577, 0.2441201450415203, 0.24734814847163245], "mean_absolute_error": [1.166343760885005, 0.9423018258064235, 0.827170753718636, 0.7579415004665391, 0.7000358312644138, 0.6514109260287266, 0.6178127974060083, 0.5862750638499066, 0.5560065644564834, 0.5354968329692351, 0.5173330317428607, 0.49301539256033605, 0.47229884710035713, 0.46255152437837965, 0.4495155607271081, 0.4343518944683168, 0.42225662266125125, 0.4134776669876263, 0.4055497793777562, 0.3954331028129948, 0.3853712650552198, 0.3785486965532481, 0.37512950214539376, 0.3627124752562763, 0.3572107488911643, 0.35132622415225534, 0.34712075184312596, 0.34239314569563856, 0.33310568217964076, 0.3254135936357228, 0.3265249627559655, 0.3183099100465171, 0.31397979158598627, 0.3110921837074716, 0.30705426062817465, 0.30268790748701946, 0.29894841450173576, 0.29520300901560403, 0.29099665189743784, 0.2894291608577779, 0.2868404289808299, 0.28247910498239176, 0.2792901048474846, 0.2760192325688881, 0.27429289041833793, 0.27265578899347753, 0.2680783898982181, 0.2660804565645932, 0.26369146865714127, 0.2614396119196243], "r_squared": [0.5977788218112021, 0.7277673934836365, 0.7864657713632384, 0.819065095748015, 0.8430118417601369, 0.8614003827353629, 0.8754242420518785, 0.8861069980483716, 0.8953150099001168, 0.9042701455497956, 0.9094658007425809, 0.9163273571766445, 0.9215325368539857, 0.9248728143179128, 0.9284965661247204, 0.9312718369693864, 0.9350763882680302, 0.9367855750290219, 0.937571828137624, 0.941451847041078, 0.94399144096089, 0.9459408274848231, 0.9457920503719865, 0.9494214693108731, 0.9506478288969501, 0.9512822131512989, 0.9522858760747239, 0.953476544135537, 0.9555679831283908, 0.9565224758698957, 0.9566858336323032, 0.9577393114688505, 0.9586394046443314, 0.9592047020347721, 0.9599080961426555, 0.9606417733271622, 0.9616080136486039, 0.9625519331870853, 0.9635162849084545, 0.9636095102294164, 0.9636895749781694, 0.9645105777561443, 0.965502125541256, 0.9658754864423422, 0.9660599519755093, 0.966323179578574, 0.9670481055646709, 0.9674078834967731, 0.9678935686428409, 0.9679753366127022]}