{"val_loss": [0.16434715336673061, 0.16790364171320887, 0.15532856196884176, 0.1505431857249692, 0.1448125887971781, 0.15904310641275973, 0.15219590778964454, 0.1382421230343008, 0.1422418105857941, 0.13623818020079156, 0.1354443861156622, 0.13440693878935744, 0.13403113382111925, 0.13924212929550508, 0.13334614178290635, 0.12997475829744468, 0.13504084784927062, 0.1248541404430732, 0.13154660872415946, 0.12942844581348328, 0.13299353025234417, 0.1346561657040113, 0.13335726464082345, 0.13446943825435384, 0.13419655149168366, 0.1388544623637647, 0.15505505211391654, 0.1423803790005538, 0.1459583412386457, 0.1611783832870923, 0.1810889999924013, 0.1676383872214335, 0.15672117231997984, 0.15357598670366301, 0.16898211964653262, 0.18642069786866933, 0.17858777085354116, 0.16584839953494135, 0.18464116252779003, 0.20582499397024712, 0.16885271828232118, 0.19941583331724275, 0.177127803458605, 0.17188342574774101, 0.2083747185586924, 0.21819314264739806, 0.22468660951619493, 0.19428955669697104, 0.22001391801054293, 0.19888920526721843, 0.20317044526578273, 0.1901381338569498, 0.18917390152851954, 0.20785842592211257, 0.18989535431120416, 0.2261155180573144, 0.1928678965121108, 0.1837499207210285, 0.18550400671626543, 0.1832778720689523, 0.19917791482590477, 0.19165012080611876, 0.21315229338551334, 0.21636793704518684, 0.18309842693262382, 0.21731843122208724, 0.19930232490035868, 0.17950110828588858, 0.17303637069607547, 0.18591536114107188, 0.20835309293890128, 0.20363751573153538, 0.23505074416983862, 0.1892850302339559, 0.19110794545178758, 0.1865896638532746, 0.20254937077974824, 0.2135379614043811, 0.2067214044425187, 0.19765136245108803, 0.19785934550832487, 0.18171057496569432, 0.21271060347237472, 0.2334608869482301, 0.212008949259331, 0.19173225416894252, 0.21842590006362977, 0.19780409847443609, 0.20332806143939655, 0.22025134184724843, 0.193390997501225, 0.19542989981717782, 0.19596462219394245, 0.23201703258238274, 0.2068572242522048, 0.2032032853476803, 0.1954509449708238, 0.1948934561765226, 0.1882537621755063, 0.22145936636119362], "val_masked_f1": [0.0, 0.0, 0.0, 0.0, 0.1044531840101963, 0.0, 0.048944797976087306, 0.2155456645239454, 0.226916356636436, 0.21748879000584498, 0.2797735945468933, 0.226916356636436, 0.285307293602992, 0.11030256077047967, 0.18402091427718667, 0.2556704426578798, 0.14377043522075417, 0.30945995985343056, 0.33667574491321883, 0.2947096185454095, 0.27357757634835334, 0.4088251111334834, 0.3579319501370591, 0.4190786290744035, 0.36142872785275487, 0.2834359407424927, 0.4171778995933226, 0.4216082642608929, 0.4954549382183571, 0.42088974632782206, 0.3433733885713301, 0.4658333642393271, 0.4733727048613111, 0.5059621421565319, 0.46605558158085747, 0.42276255023383585, 0.4804597083109633, 0.44109734433425973, 0.4686667097797343, 0.5151323469969926, 0.47489200832057576, 0.46348061746151137, 0.4655428053386729, 0.5049173933411412, 0.45250272039753503, 0.4886515853232417, 0.4489420918453155, 0.4437805544435179, 0.44110272333385475, 0.4934759962574726, 0.5070608401666058, 0.5036414231276065, 0.46954061702173455, 0.47242633311262716, 0.5015160816923863, 0.46127679129068716, 0.4870707550892561, 0.5098978973745341, 0.5207531819714298, 0.502366488285103, 0.511281821866777, 0.4887784100649504, 0.4564776540042248, 0.47816288099691634, 0.4812088408994291, 0.4825182169995423, 0.4969481045614938, 0.515212757577845, 0.4958561575764306, 0.49724767858477126, 0.5188895784737917, 0.47955151018124803, 0.4785587633423128, 0.47096221560447526, 0.489663073388565, 0.5179610462514709, 0.5070356112622704, 0.5095902223529509, 0.47402314454237193, 0.5042625666863157, 0.4834046484478038, 0.4685320879754688, 0.4730521214391846, 0.5218396536386685, 0.5298084232746436, 0.5240678383741558, 0.4969878419634484, 0.5273360495752687, 0.5271191051674272, 0.5070541733950776, 0.512297139850123, 0.5277168450342746, 0.4988376582116288, 0.49285272023473287, 0.5056658717166962, 0.5048059642954102, 0.4667097510265601, 0.537479032899675, 0.4776510290262207, 0.4819586453984314], "val_masked_accuracy": [0.9615728364553272, 0.9615728364553272, 0.9615728364553272, 0.9615728364553272, 0.9629133139155186, 0.9615728364553272, 0.962019662275391, 0.9655942790629717, 0.9664879307030992, 0.9664879307030992, 0.9678284132768258, 0.9664879307030992, 0.967381587456762, 0.9642537964892451, 0.9664879307030992, 0.9678284132768258, 0.9655942790629717, 0.9682752493239599, 0.9660411099965707, 0.9678284132768258, 0.9673815925702972, 0.9696157234283939, 0.9705093784242789, 0.9705093784242789, 0.9691688958505523, 0.967381587456762, 0.9691689027218653, 0.970509383537814, 0.9731903537988024, 0.9660411117543484, 0.9678284132768258, 0.9615728330995698, 0.9687220717882663, 0.9696157267841513, 0.9673815925702972, 0.9700625577177503, 0.9678284286174313, 0.9669347616366982, 0.9709562042443426, 0.9722966919316044, 0.9687220820153367, 0.970509383537814, 0.9638069724269591, 0.9718498678693184, 0.9624664898532326, 0.9660410930579852, 0.9629133207868316, 0.9660411117543484, 0.9687220717882663, 0.9709562195849483, 0.9736371745053309, 0.9691688924947949, 0.9673815892145398, 0.970509383537814, 0.9718498609980054, 0.9687220717882663, 0.9700625577177503, 0.9718498627557831, 0.9722966868180691, 0.9709562093578779, 0.9718498661115406, 0.9718498712250758, 0.9687220751440238, 0.971403045405012, 0.9722966970451395, 0.9691689009640875, 0.9714030351779416, 0.969615728541929, 0.9705093886513493, 0.9687220717882663, 0.9727435177516681, 0.9682752459682025, 0.968722066674731, 0.9651474498871504, 0.9700625577177503, 0.969615728541929, 0.9718498712250758, 0.9709562162291908, 0.9682752357411321, 0.9714030402914768, 0.9660411117543484, 0.9709562111156556, 0.9669347582809408, 0.9727435228652034, 0.9727435279787385, 0.9705093801820566, 0.9678284150346035, 0.9718498627557831, 0.971403045405012, 0.9700625474906799, 0.9691689009640875, 0.9722966936893821, 0.96916889760833, 0.9705093784242789, 0.96916889760833, 0.9687220769018015, 0.9705093784242789, 0.9722966919316044, 0.9655942757072142, 0.9691688907370171],