{"val_loss": [0.1665890065818306, 0.16468624938429202, 0.16600752072583574, 0.16691161772041474, 0.18526343022530584, 0.15898313463213617, 0.14529807226427757, 0.14264850450265185, 0.14970603253662426, 0.1437777436610521, 0.14007701914527781, 0.1389633499025979, 0.13810481486627307, 0.1360359108400089, 0.13560812806475897, 0.136235156543453, 0.14232901465796913, 0.1332255203985976, 0.13122720445129252, 0.1343563690821543, 0.13182072449305743, 0.1307324475081932, 0.13332723716308859, 0.13421586179861114, 0.1313069269820129, 0.14414621450146786, 0.13948468236757028, 0.12805111642337677, 0.12727575719196738, 0.13080589804828327, 0.13130761355401363, 0.1287936477574842, 0.13859846732571682, 0.13485671288206494, 0.1427664486716324, 0.14624207169217016, 0.14800210844415762, 0.14448396737709762, 0.16433851305025832, 0.15568702366332907, 0.16914494052009993, 0.16660375066161476, 0.1717813834348249, 0.1998214415666565, 0.17049906113192478, 0.17682140738011684, 0.17523459902397748, 0.197391333113407, 0.19102583102502388, 0.20868433041163487], "val_acc": [0.9615728517959329, 0.9615728517959329, 0.9615728517959329, 0.9615728517959329, 0.9615728517959329, 0.9615728517959329, 0.9620196776159966, 0.9647006427634497, 0.9620196776159966, 0.9660411304507115, 0.9660411304507115, 0.9660411253371762, 0.9651474685835135, 0.9664879562707752, 0.9673816181379733, 0.967828443958037, 0.9629133343696594, 0.9682752697781007, 0.9673816181379733, 0.9669347872043742, 0.967381613024438, 0.9673816181379733, 0.9673816181379733, 0.9669347872043742, 0.9673816181379733, 0.9651474736970487, 0.9669347923179095, 0.9696157421247569, 0.9700625730583559, 0.9691689214182283, 0.9700625781718911, 0.9691689214182283, 0.9696157472382921, 0.9691689265317636, 0.9727435415615665, 0.9678284388445018, 0.9709562349255538, 0.968275274891636, 0.9682752697781007, 0.9696157472382921, 0.9682752697781007, 0.9691689265317636, 0.9678284388445018, 0.9664879511572401, 0.966934782090839, 0.9664879511572401, 0.966934782090839, 0.9647006411654699, 0.9691689163046932, 0.9642538220569212], "val_f1_score": [0.0, 0.0, 0.0, 0.0, 0.0, 0.0, 0.015598340584189898, 0.1856445563063225, 0.021447721179624665, 0.1900083782206272, 0.20080723136104145, 0.24795554853955798, 0.19774327137514988, 0.226916356636436, 0.277390512001099, 0.2797735945468933, 0.04419530045251105, 0.2900734535810455, 0.24595242722743957, 0.226916356636436, 0.29701842699229875, 0.24595242722743957, 0.24595242722743957, 0.21480716904750138, 0.24595242722743957, 0.14564023260776224, 0.22666495479143975, 0.3183728172056796, 0.37931825008852554, 0.3565087701935551, 0.3865161657972566, 0.41292860041355, 0.39542378305430065, 0.3947953940556452, 0.4471849554665287, 0.4367940296036948, 0.40229256351256176, 0.40435638304689936, 0.32918999981304914, 0.40813410505852177, 0.38069202561161153, 0.4404744526656, 0.42898116142915976, 0.33091040271217, 0.4775336620475268, 0.46108667760208527, 0.44861270731000413, 0.43416584337045294, 0.4548918721503291, 0.4107209608637935], "loss": [0.19127810472754686, 0.16296933798622573, 0.1627789277652224, 0.1597081121494888, 0.1519029723190451, 0.1450780398552803, 0.14252200168232584, 0.1390499414328528, 0.13533613766828462, 0.13388085725162452, 0.1348277973716431, 0.1325122076322724, 0.13260197539057986, 0.12947770189016294, 0.12773151479808076, 0.1263871197552644, 0.12547593558908007, 0.12450134350774397, 0.12219465779419378, 0.12171149602160969, 0.11854772265282996, 0.1170062647291643, 0.11423818038895361, 0.11188091969891681, 0.10951661547122786, 0.10598339034676481, 0.10238493241027628, 0.09970934111036285, 0.09553628754743737, 0.09014994314758992, 0.08351876271236633, 0.08151654891123286, 0.07343437820317565, 0.07009531775701594, 0.06604682449329162, 0.06111170599080475, 0.05928427469236337, 0.055699790250920936, 0.04795840451883715, 0.04541003232911789, 0.041726611976688935, 0.03898093061489439, 0.038812204363512084, 0.03778819745594217, 0.03367880800740041, 0.030918549876226935, 0.029965894164591937, 0.029677920325586464, 0.02736502712215955, 0.024757030664359487], "acc": [0.954730688921383, 0.9628801618080162, 0.9628801610971677, 0.9628801632297131, 0.9626813963473234, 0.962631702032129, 0.9629298545593439, 0.9643212261126023, 0.9652156816683287, 0.9653150685571388, 0.9656629091796238, 0.9663089044263268, 0.9664579812941554, 0.9664579801567978, 0.9671039764697735, 0.9679487363596935, 0.9681475034197954, 0.9686941177488155, 0.9688431952919502, 0.9688431915244533, 0.9693401136352822, 0.9695388793447719, 0.9702345660277328, 0.9703339482960277, 0.970532716315775, 0.9710793272327225, 0.9723713196809617, 0.9719737779546793, 0.9731166985821141, 0.9754522142128782, 0.9754522154568631, 0.9759491369279283, 0.9781852725651127, 0.9786821914415809, 0.9789803406633504, 0.9814152446757063, 0.9811667853618706, 0.9815643191621924, 0.9832538482541475, 0.983899842043611, 0.9860862885192525, 0.9857881331131013, 0.9870801229312012, 0.9871795075097536, 0.9889187212849061, 0.9902107127734999, 0.9900616370430289, 0.9893162578219946, 0.990608247178043, 0.9912045500288424], "f1_score": [0.0, 0.0, 0.0, 0.0, 0.001908169236294059, 0.025721947209921776, 0.05003638330071756, 0.1250929754531732, 0.14158360966629546, 0.18569966143060457, 0.19690456941999276, 0.21764603452662593, 0.217469305128801, 0.22506523668126258, 0.2355207519902313, 0.26431153299699034, 0.29267893565433256, 0.27406485477372444, 0.3031958606744993, 0.27721669774149316, 0.3009125829524914, 0.3130971348811703, 0.32350470256293606, 0.33427556922695933, 0.34782537528284263, 0.3706889128180295, 0.3927502628586871, 0.3964170928007091, 0.41977082863761045, 0.483199306983072, 0.5111027002761104, 0.5406506300399043, 0.5801108553783483, 0.590530594296589, 0.5909575197443624, 0.6421995058113716, 0.640825995108025, 0.6696032160225551, 0.7027637620340449, 0.7176313489835463, 0.7565703617012352, 0.7649297375158675, 0.7722667698427973, 0.7745151799494266, 0.8212478406811727, 0.8495728782620825, 0.8170045478825919, 0.8229375687751588, 0.8440832198910153, 0.854278839338231]}