{"val_loss": [3.604536412252058, 2.574630219828139, 2.1989381527689664, 1.6524250871541923, 2.1290998951397397, 1.5402231461340685, 1.8353629067136767, 1.32928949905186, 1.465859186730157, 1.1936646646591649, 1.2760127453004557, 1.1758774549819537, 1.3550379226571674, 1.4599594867984123, 1.1814579832127476, 1.4013001858321115, 1.39470364775456, 1.1165732644354496, 1.247868640537964, 1.1191158041931086, 1.264825197951111, 1.135071961987345, 1.2444741184608161, 1.2116545462831712, 1.144157419695149, 1.08105107388935, 1.0698613729022282, 1.1168515318064125, 1.1451662094599588, 1.249304191673374, 1.061908134312553, 1.0445678237771832, 1.0263452925872862, 1.1757269436679114, 1.0658110282245745, 1.102008692571185, 1.154463102595518, 1.0345369981240953, 1.1456111760679761, 1.1002946652711514, 1.0505417768947456, 1.0900484176580256, 1.109557415537042, 1.1180157893482365, 1.0314882118525828, 1.0997914789354735, 1.1016347527911226, 1.0979622359712446, 1.0125109123649283, 1.0110192282629702, 1.0731189514522048, 1.0396284965959368, 1.0085608759981066, 0.9922794959881925, 1.2524866845409188, 1.0108670188413222, 1.0834280011835191, 1.0081218623264685, 0.9843942649684477, 1.0216702134122118, 1.0697899650229117, 1.0386006027850387, 1.0800302911356399, 0.9973193897033023, 1.022475679503618, 1.0278573691292674, 1.1719451981231572, 0.9995152007022304, 0.975543616008571, 0.9841603616687278, 1.0973656333173443, 1.029204694419132, 1.040031938506207, 0.9795873301006621, 1.0258059231500287, 0.9811792012339355, 0.9938359411182756, 0.9647241525567586, 1.0269836006071251, 1.0529511967574878, 0.9795751259578571, 1.0261528712047343, 1.0707804799215648, 0.9856641304357815, 1.1066857008060516, 0.9715612346023079, 1.0834457854490558, 1.0571455240243464, 1.040385418540727, 1.0183485301084305, 1.008065353130861, 0.9783714163518729, 1.0264441156228128, 1.0647334060015359, 1.0425552548387973, 1.0283295994583905, 0.9897497261407873, 0.9877745229867534, 1.015944286951818, 1.0102021693597145], "val_mean_absolute_error": [1.3672368330851592, 1.1458635150513126, 1.0780448174401343, 0.9002019922934097, 0.98799322817265, 0.8937742875978514, 1.0070419187865165, 0.7999823560742613, 0.8460243731448662, 0.7524931850940078, 0.7901089336290956, 0.7592376207884526, 0.836148376713271, 0.8670204543439218, 0.7508175255589693, 0.8532003623474532, 0.8492386264795843, 0.7333024827008218, 0.7986983309017217, 0.7237267635446064, 0.7915700563017555, 0.7350965544016035, 0.7805591656977953, 0.756218909331808, 0.7352873017140147, 0.7098799278335151, 0.6982499136552781, 0.7184903274362913, 0.7385563282278225, 0.7953821036890801, 0.69887367451041, 0.6998238197344975, 0.6901057236059722, 0.7432155503644923, 0.7036875528642322, 0.7148297463670836, 0.7354681366990272, 0.6915271439792465, 0.7320398265477867, 0.7282108758644718, 0.6989880014887582, 0.7149042689261571, 0.7189199779460541, 0.7301175182906915, 0.6864956326289443, 0.7100649359797745, 0.7195851014350177, 0.7106305790265911, 0.6782897211107213, 0.6796975441308266, 0.7038367686326462, 0.6888349137757159, 0.6767341213490665, 0.6694716076234081, 0.7948721322690462, 0.6762279035592278, 0.7068737930772443, 0.6724376854358965, 0.6729891399763602, 0.6709427392947401, 0.7024451471354948, 0.6914181382989678, 0.7092204924152778, 0.6706203908442439, 0.6778350170369881, 0.6885558040691611, 0.7439824794382713, 0.672411563878499, 0.6659421178672469, 0.6657583454768538, 0.7272814416362111, 0.6928575819055389, 0.6862207178503308, 0.6608159860145898, 0.683963281267011, 0.6608076996176107, 0.6699227430545381, 0.6584337579086519, 0.6864472351414094, 0.6938835146498856, 0.6677084529465896, 0.6932075840141272, 0.6996417834038159, 0.6589832062232296, 0.7280475240549974, 0.6644941748370232, 0.7078288977477756, 0.6938384388247054, 0.6807642023140947, 0.6844750570272262, 0.6686584539674838, 0.6618376914077222, 0.6811474494555456, 0.6966073985326623, 0.6932452300134311, 0.6851776909942958, 0.667785551445079, 0.6715104586990842, 0.6803559864663863, 0.6804409649216726], "val_r_squared": [0.5335670694183554, 0.6637036420770903, 0.7140652231748285, 0.7836910202560097, 0.7197554533578723, 0.7960021664028898, 0.7576233120622136, 0.8243619186073932, 0.8054536366519477, 0.8429487380584554, 0.8310912861001621, 0.8437142166157638, 0.8195082052405981, 0.8080664579835859, 0.8454519958561255, 0.8131814130505602, 0.8161416018568857, 0.8518800555632298, 0.8347220132270581, 0.8525282677159471, 0.831475662875974, 0.84999335094468, 0.8345585224346947, 0.8397014361773288, 0.8496239649051773, 0.8563451063800187, 0.8585745433181627, 0.8529564395837701, 0.8484273785710291, 0.8337922033004074, 0.8600223663461782, 0.8612354739716016, 0.8638822268184603, 0.84613775094416, 0.8587615690565028, 0.8554839478978533, 0.8483820956984602, 0.8628269008884483, 0.8484214848042695, 0.854222872235142, 0.8604254429061082, 0.8560274828047392, 0.8541698545160437, 0.8514405337511194, 0.8630844376072256, 0.8554244103426272, 0.853635437012558, 0.8558171051858813, 0.8659140250285322, 0.8657414874549707, 0.8589103763083369, 0.8627429657504699, 0.8666523359066101, 0.8685961757130033, 0.8337067263523388, 0.8661677102672615, 0.8573444259204358, 0.8671921166680578, 0.8692449032751274, 0.8659753729464185, 0.8577997684170231, 0.862153355107988, 0.8578631433124306, 0.8678661342535745, 0.8657771243621575, 0.8639421453787689, 0.8462743798060733, 0.8672983301087587, 0.870567515335861, 0.8705660208787439, 0.8541466492946069, 0.8633452692049879, 0.8633861095862481, 0.8705789297101808, 0.8645759758059977, 0.8706295460491881, 0.8691071758939647, 0.8721537057136217, 0.8640651907311925, 0.8605511409938074, 0.8698927344659562, 0.8637282165800281, 0.8590565150930211, 0.8697476864626235, 0.8525833344847046, 0.8710529600909374, 0.8558387581535338, 0.860740420715774, 0.8630106079293937, 0.8651896490833022, 0.8676260243298147, 0.8706902425366533, 0.8644429273447133, 0.8596981935103961, 0.8625733509117528, 0.8647152267045884, 0.8690622710214095, 0.8691924769745474, 0.8652419141375677, 0.8659863602646736],