{"val_loss": [0.2045940303781686, 0.19447356285641124, 0.17504064964998456, 0.18030721807355032, 0.17330377443610687, 0.16054774448925704, 0.15793871601318607, 0.15849991860502052, 0.1665709699271653, 0.16312666910897167, 0.16240517672859978, 0.16232973048512225, 0.16281649358505562, 0.1602129412467151, 0.16338111985520334, 0.154141826857447, 0.1611915690788632, 0.15829899163354338, 0.1615948865863041, 0.16642790432063698, 0.15741195517996842, 0.1522827669848114, 0.15715511853158162, 0.15511876958410986, 0.1679158966214661, 0.16557718454543208, 0.16291557104175627, 0.15944555404402613, 0.15621691617146005, 0.16657807244992381, 0.1597960277169579, 0.16297269824495697, 0.15371420238342584, 0.15789543217077306, 0.15851955862153472, 0.15626956662894542, 0.15441452476470674, 0.15713724634410198, 0.15641148149135017, 0.156581252449262, 0.15782945495209352, 0.15860761572033114, 0.1595261857095605, 0.16239140574116565, 0.15783863791620545, 0.1577428969153143, 0.16485911820987548, 0.15872164525702778, 0.16092287781558945, 0.16199636136882176, 0.16516086607391298, 0.1573527405919413, 0.15860854203684377, 0.167067094909167, 0.1597424474322151, 0.15792238935958236, 0.1619849816926903, 0.15783105338119088, 0.15889963642880972, 0.16367813713367488, 0.16185194690814192, 0.15715365392687433, 0.15292770151588514, 0.16073711728758422, 0.16719950205056455, 0.16077012036899413, 0.158645172549792, 0.16100780429224276, 0.15413772526731873, 0.1593803189447829, 0.16004575320875458, 0.15991512611898454, 0.16380021425962032, 0.17531560548625066, 0.15972077300411244, 0.15681159842180747, 0.1607512363848678, 0.16117575884281446, 0.16419694641601768, 0.16189106230024267, 0.16442320486741957, 0.1583848381073687, 0.15864765279996249, 0.1612900440137424, 0.15818775233277893, 0.16851118675077148, 0.16369680932887146, 0.16151408031972916, 0.15783406822677265, 0.16334468617801268, 0.17008609713476158, 0.16125175746947684, 0.16295327053748293, 0.16775173489752032, 0.1667055520659758, 0.16112819862719396, 0.16243730287797373, 0.15968053630613324, 0.1623658168586345, 0.1586545550282297], "val_mean_absolute_error": [0.3461941209139, 0.33119746184473886, 0.31658502222147705, 0.3169332660513607, 0.30870572018581743, 0.29891792678292095, 0.2928569993527564, 0.29267183710767336, 0.29815751605424995, 0.2904547994361498, 0.2907001966477273, 0.28923426810359454, 0.28931402327918676, 0.2841664352966229, 0.29034257866117136, 0.2785826630201223, 0.28528315463407294, 0.28095857630017335, 0.2841023485489957, 0.288727985730762, 0.27873813055364666, 0.2727553157386147, 0.2804177571445651, 0.2752046584042787, 0.2888157352623099, 0.2858179411338886, 0.2812464150874819, 0.2804559159237261, 0.2757369907114518, 0.28819603169983804, 0.2798158957592064, 0.28291621018870755, 0.27136694531998296, 0.27837655005446693, 0.27864016641913075, 0.2783852133763398, 0.2745272515643954, 0.27828507388033374, 0.27559601995333327, 0.27801111678594487, 0.2807130125492655, 0.27680329518168384, 0.2803448513540298, 0.28521154849525104, 0.2783956147509304, 0.27620520646867536, 0.2876812349647336, 0.2760700975621142, 0.2811142547384399, 0.2826302346966862, 0.28479778855050836, 0.27762701114018756, 0.28232528037841825, 0.28731007756987165, 0.2814694561883417, 0.27428045452785327, 0.2787913440825843, 0.2759733915745068, 0.2785861021977237, 0.283062886817293, 0.28018907326262243, 0.2754826307504797, 0.2714298850162699, 0.2808911516924387, 0.28611634060558433, 0.27827972792622097, 0.2784737665303715, 0.28141574860659363, 0.27118669582911187, 0.27952578195726685, 0.27924211237443053, 0.28063695957107276, 0.28171328635948073, 0.29381617997329273, 0.2751373675169121, 0.27501996561078706, 0.2823083087099784, 0.27809107808126415, 0.2837046770213162, 0.2803973929524214, 0.28359908333623596, 0.2767700283003103, 0.28025649204512126, 0.28397858610952087, 0.27393441534167184, 0.28766240499406587, 0.2851864470341235, 0.2811546909767504, 0.2750286824520138, 0.2808052843361833, 0.2901285525807952, 0.28108730542930216, 0.2808367702557362, 0.28573896539564947, 0.2830160761586867, 0.27887279044895275, 0.28073968131088667, 0.2765067615018049, 0.2814957056370081, 0.2782377374941974], "val_r_squared": [0.9446376059691943, 0.9475029461462876, 0.9527859920814608, 0.9514036103692979, 0.9533365126471661, 0.9567210637878165, 0.9574238369810227, 0.9572885812473131, 0.9551543406166956, 0.9560880183549452, 0.9562504349786781, 0.9562611895081885, 0.9561506760474067, 0.9568500399173451, 0.9560136705584967, 0.9584445780692509, 0.9566043777615613, 0.9573424079863396, 0.9564734400879026, 0.9552413703675462, 0.9576104686938447, 0.9589902399722194, 0.957682133761168, 0.958213067075553, 0.9547680183646983, 0.9554487544828685, 0.9561169926616742, 0.9570492132587999, 0.957900655935364, 0.9551420725661006, 0.9570116638929224, 0.9560908669992684, 0.9585718590551646, 0.9574980588067472, 0.9573587670168119, 0.9579320935886776, 0.9583849996380365, 0.9576403591229238, 0.95785648358846, 0.9578313973145544, 0.9575400722796589, 0.9573143712305066, 0.9570657659783621, 0.9562697961900455, 0.9575044548116222, 0.9575224217111944, 0.9556253429690789, 0.957290230413174, 0.9566818303046635, 0.9564127378022692, 0.955566693766995, 0.9576659419981804, 0.9572641814150319, 0.9550165428957181, 0.9570300621720093, 0.957503841185445, 0.9564057293154599, 0.9575044826895363, 0.9571730848174237, 0.9559199888044627, 0.9564376421415784, 0.9576807515159327, 0.9588136241282051, 0.9567392927189772, 0.9550145370381873, 0.9567631567335878, 0.9573411630502338, 0.9566935716915297, 0.9585212620973171, 0.9571373640554738, 0.9569947538575577, 0.957022872374736, 0.9559473854084913, 0.9528152060550337, 0.9570454529650756, 0.9577971735341803, 0.9567529353171743, 0.9566819396318565, 0.9558885592648704, 0.9565260617312753, 0.9557919461689695, 0.9574205390653893, 0.9573359255391266, 0.9566024470079632, 0.9574668695581313, 0.954663280937268, 0.9559203082562325, 0.9564942959923602, 0.9575346780072956, 0.9561179197063413, 0.9542593047881002, 0.9565886980992129, 0.9561330910128448, 0.9548479595317474, 0.9551292590237829, 0.9566455854795366, 0.9563084916710646, 0.9570605725726116, 0.9563633566543486, 0.9573530466352665],