{"val_loss": [0.1630986797840753, 0.13853307314104596, 0.13255672841294994, 0.13060390221498017, 0.1265180009513505, 0.12241626195133633, 0.11881246300939899, 0.11765048755862849, 0.11973396713794593, 0.11751704814472819, 0.11461225920437935, 0.11457221311247723, 0.11782723426403484, 0.11142941340198362, 0.11131863487272174, 0.11434536294862369, 0.10732743330083519, 0.12790947806405967, 0.10737827881461098, 0.11207891457241448, 0.11562210468534255, 0.12076613208350404, 0.11243953496113887, 0.10912516546997043, 0.11509323507789673, 0.11047863621052688, 0.11393368817026468, 0.12070473375255361, 0.10847792677520736, 0.12906873309238448, 0.12616436275178686, 0.12099329272282941, 0.13502801721104346, 0.1146846735692052, 0.14813725231485778, 0.12893489063755284, 0.12794705275251475, 0.13225030648099143, 0.134016924705378, 0.1365097689503992, 0.1391695277996872, 0.13634260614920715, 0.13966235471727126, 0.15055945209302138, 0.14832579231151444, 0.14594707945221116, 0.13925715502130862, 0.13254366918931024, 0.13309394323313556, 0.16746440834423115, 0.1424556710994202, 0.14438210365456572, 0.15184109946161198, 0.14743406916606164, 0.13849131809709794, 0.13713477583089356, 0.1401854299536704, 0.16169615458528339, 0.150645445621249, 0.15053763722570376, 0.1452763244146254, 0.13968539938901775, 0.14502901764766127, 0.13053965532198186, 0.1412275421771715, 0.16051528556975478, 0.14062516678570317, 0.1588218392983823, 0.1588418968843943, 0.14818315450253525, 0.1431727083129473, 0.1336578916451103, 0.1468908682759769, 0.14392838165873573, 0.14186056321713983, 0.14091105669148432, 0.1381900228309022, 0.14453386980066732, 0.14804400456907027, 0.14640166170021107, 0.14198055993181488, 0.13622046917088496, 0.15619997700955393, 0.1617527895030521, 0.15178699183962485, 0.15630446454027666, 0.16908975798770803, 0.14908205547329995, 0.15608844562551563, 0.15771809500684306, 0.15611363585679236, 0.15748716954847108, 0.1475322399024487, 0.14876363020602282, 0.14672181721556063, 0.1459803858492848, 0.17271976474062492, 0.1415691240912392, 0.1346590397976832, 0.14771226408451138], "val_masked_f1": [0.0, 0.0, 0.11456592905396784, 0.17339345996249705, 0.2264878630776577, 0.30866619823424796, 0.32891467556305465, 0.32748975543333403, 0.2453048198757548, 0.3658427283877418, 0.36773259631432725, 0.3688761659061729, 0.30645991756248697, 0.3988813118929093, 0.42089135860039933, 0.38012129089142804, 0.45884023615430597, 0.21143371635197764, 0.4404317122580144, 0.3925941347660503, 0.43125528740965946, 0.48278288448036893, 0.49855382101876394, 0.4445152714692757, 0.42991203990409044, 0.553342918901078, 0.470098865433714, 0.48645820130316086, 0.4597704153027684, 0.4907989169662422, 0.5018338149156027, 0.5478004916342847, 0.5138217713359341, 0.5063679348439428, 0.4440682795543427, 0.49755409896442976, 0.5197770742312264, 0.5124070503155114, 0.4862646663368925, 0.5378044008793316, 0.47512974777841954, 0.5082106197060331, 0.5341710856013459, 0.4430025102923279, 0.5085129998148388, 0.5079487535873218, 0.4712945171626464, 0.5128036082552424, 0.5102572468791966, 0.47349400692008237, 0.5053091425790466, 0.5064425839502775, 0.5120779052982486, 0.5352996478374273, 0.5062080232662329, 0.5261128078908178, 0.5317057621742098, 0.5230940022396571, 0.482749327549951, 0.5214037335846621, 0.5305672290017796, 0.512523538144208, 0.5166038951807321, 0.5427120177726436, 0.516279509673966, 0.5149125299664186, 0.5082650976590856, 0.46333684489286736, 0.5155245795344088, 0.47182453301725485, 0.520004171666091, 0.5177504841874285, 0.49461827073224607, 0.48178360548030486, 0.5306997088743558, 0.49674776234554774, 0.5218750890539083, 0.5294814325791203, 0.5009617844248205, 0.5033252064774676, 0.527943680926067, 0.52110769912064, 0.5402494479277962, 0.4942502477027813, 0.4875474402574989, 0.4921133338228197, 0.5278662749145366, 0.5333695937809074, 0.5130543182674324, 0.5150466303099877, 0.5113502085970393, 0.49968198118309526, 0.5084595253797082, 0.5128856441838955, 0.5178970232796309, 0.5129962460366138, 0.4834497764135487, 0.5424318568354838, 0.5207263490187305, 0.5168293610682471], "val_masked_accuracy": [0.9608299991810363, 0.9608299991810363, 0.9603740387400407, 0.9637058688788464, 0.9640962750100369, 0.9640954332069237, 0.9653307083868676, 0.967391074672947, 0.9653470393672637, 0.9661474301978409, 0.967396174227596, 0.9673867903381551, 0.96614559152262, 0.9686147905669839, 0.9694384240245708, 0.9682089395639373, 0.9702919193399631, 0.9645163259024404, 0.9706712136700594, 0.9682043893965833, 0.9690649824413827, 0.9694799426402226, 0.9715264944941602, 0.9698496359842856, 0.970727999935859, 0.974828857093461, 0.9711198814377691, 0.9714793845336196, 0.9703011260076959, 0.9698945395345611, 0.9690429670054738, 0.9744042383115328, 0.9702734705601558, 0.9719819675754587, 0.968645910629689, 0.9732119704095883, 0.9723832196751815, 0.9719272813868993, 0.9719024393339745, 0.974022254642017, 0.9715342612355151, 0.9703787181020198, 0.9727928986671217, 0.9702772719657934, 0.9727758189250091, 0.9731782362574622, 0.9686951517504959, 0.9723879204809873, 0.9719949579266582, 0.9715373670459486, 0.9715952963917651, 0.9694502288594617, 0.9719455086395715, 0.9723857096401795, 0.9727895491768397, 0.9719117807871235, 0.9723508855053218, 0.972332551988852, 0.9723932725765703, 0.9706944916721836, 0.9715225380195281, 0.9698708538532811, 0.9731663712641088, 0.9736128636353523, 0.9707326741584087, 0.9727728770446555, 0.9699025366641365, 0.9703300840347902, 0.9723787669797669, 0.9711551219744134, 0.9711410239875385, 0.971936120319588, 0.9723879160504446, 0.9711327433032303, 0.9723790017985301, 0.9719497841132781, 0.9732002161798023, 0.9711202668257568, 0.9723603049083316, 0.9706895516862991, 0.9715742689668786, 0.9711384187592031, 0.9740101858436992, 0.9731888296850606, 0.9707070433996557, 0.9702941079588302, 0.9723418383371263, 0.9719376488568199, 0.9723579212763583, 0.9723647620342888, 0.9711348921164403, 0.9690201542103332, 0.9731999016112706, 0.9715183157123339, 0.9735856911169666, 0.9710974185170473, 0.9707154393473015, 0.9727319431914131, 0.9727734574457494, 0.9740012848834128],