{"val_loss": [0.10973914866473017, 0.10709864895880701, 0.10646078098395555, 0.12735831625659727, 0.11960276752590494, 0.12375898303678784, 0.12848301649333324, 0.1431017123442393, 0.13708998103084258, 0.15839472041532757, 0.14560041626560785, 0.15222216058202867, 0.157898123223764, 0.1646022347199054, 0.16902954495903955, 0.16692202989681157, 0.19008995473245033, 0.1661639751481946, 0.20213354191925106, 0.18887250541881645, 0.1850834246774781, 0.17042283478115583, 0.19034157131596321, 0.1881321314472615, 0.17377261869389635, 0.20178123487624022, 0.17934991134675193, 0.2017246624217656, 0.19400253992817357, 0.20039460449492005, 0.20620885303608533, 0.19559465806142254, 0.1966675433552457, 0.20904927664304068, 0.2218002916311211, 0.1991859640222013, 0.20429039970489754, 0.18230657500212377, 0.1854083883019299, 0.18909382147979162, 0.19680583172405372, 0.1981545134619797, 0.20290559915271425, 0.17907523232994066, 0.22464437024348263, 0.2076406014968339, 0.20312731835901257, 0.21013280447202937, 0.21455286047889555, 0.21726910701026544, 0.19290831517278348, 0.237712106747358, 0.22647446452143125, 0.20918541583394876, 0.22270302879736426, 0.226097027084543, 0.2291109325668847, 0.22615660772965995, 0.22341847922852706, 0.21985154055638223, 0.1837190445162975, 0.19776819572451926, 0.2169976305246513, 0.22355186938240765, 0.2144591064060022, 0.21788041237691771, 0.2153869211154393, 0.21128955678564892, 0.21607121704370982, 0.21853649116872784, 0.21559217710037973, 0.23531037561056123, 0.2309320915999745, 0.22573054482006835, 0.19718156693048836, 0.23294700684160713, 0.22493984812905576, 0.21301384023503067, 0.2268424382278491, 0.21911479419861338, 0.20363790237771762, 0.205755637254536, 0.24937034186834703, 0.22334915823515394, 0.2404146811727624, 0.23163063908070725, 0.2126619250566047, 0.22957837047060356, 0.242586821966852, 0.229973653426279, 0.24114268658877458, 0.23975891553504697, 0.2082273737095476, 0.21022333548311894, 0.20702769445510077, 0.21473432506057596, 0.211221334726697, 0.23448063401210723, 0.23453812205529803, 0.21807499355748894], "val_masked_f1": [0.34218437294538157, 0.32672839765574274, 0.3660070475880007, 0.3409804505253605, 0.4113617729565413, 0.4582229525090542, 0.47626317681959424, 0.44041151671243417, 0.4868289665306541, 0.41553681146043875, 0.4238137542082861, 0.48513488411583783, 0.475315905927653, 0.4808486754389295, 0.45980730405122283, 0.45954424973786995, 0.47050641321304976, 0.4920686469001361, 0.41336086160695584, 0.4644125359627261, 0.44504149557757955, 0.4841892446014261, 0.47092445750019185, 0.47181579846159705, 0.48155214463737633, 0.4750342658313925, 0.4500836086017517, 0.476642189492489, 0.4170297184514616, 0.45154390530036537, 0.41615909050361083, 0.4725830984818712, 0.477235695791628, 0.4888656518094981, 0.4889213586620607, 0.4740284155584852, 0.4836969147099247, 0.48547505837023736, 0.4864763908347879, 0.47206957746127337, 0.47909954869395605, 0.47719618286587917, 0.489360601748602, 0.5027479896916142, 0.47064259368676603, 0.45053805758422566, 0.473624651457605, 0.48981722062778216, 0.4468396421092445, 0.48492274543235514, 0.5017402397403768, 0.4792557243687218, 0.4832326792200513, 0.4589255081424764, 0.4832512496623533, 0.4741645998673529, 0.45817962999957496, 0.46531315479457536, 0.47850675573297863, 0.47114277413319644, 0.4190844915827222, 0.41778463604622806, 0.4659076160464146, 0.4729825819145898, 0.48129836116335667, 0.44056316563015646, 0.45193386093860655, 0.4643599202421971, 0.4634593090806506, 0.4353347041971242, 0.43394315802060246, 0.42085026304459766, 0.44447822625132094, 0.4614166716468238, 0.45174817057780864, 0.4526490310241965, 0.46962126729954984, 0.482845812796268, 0.4733661136742252, 0.46854733541887505, 0.4645118126920337, 0.4723447898437766, 0.4649512929187703, 0.4596804193453239, 0.4718805524363275, 0.49694003512328816, 0.4517945906112405, 0.46013537057283416, 0.47617343044153165, 0.47588923405706085, 0.45937402654269427, 0.4739789018362521, 0.4405738791256104, 0.4817645008059034, 0.4671701044243718, 0.47678622499547757, 0.49718643976600174, 0.4784962780993362, 0.44993336031328257, 0.46101599548201777], "val_masked_accuracy": [0.9736371761033107, 0.9745308354137411, 0.9745308290218221, 0.9736371761033107, 0.9749776612338048, 0.9736371748249268, 0.9736371748249268, 0.9745308290218221, 0.9767649606789085, 0.9722966935295841, 0.972296694807968, 0.9758713103171648, 0.9781054509229379, 0.9772117980044265, 0.9745308290218221, 0.9736371748249268, 0.9754244832187172, 0.9772117941692751, 0.9731903477264793, 0.9745308315785897, 0.9731903490048631, 0.9776586225461065, 0.9763181348588448, 0.9758713090387809, 0.9758713064820134, 0.9763181374156124, 0.9731903477264793, 0.9745308264650544, 0.9767649657924438, 0.9727435206280317, 0.9642537993656087, 0.9740840032017583, 0.9763181399723799, 0.9776586199893389, 0.9776586174325713, 0.9758713090387809, 0.9767649632356761, 0.9740839955314554, 0.9781054534797055, 0.9749776599554211, 0.9749776573986534, 0.9754244832187172, 0.9754244832187172, 0.9781054534797055, 0.9754244832187172, 0.9763181374156124, 0.9749776573986534, 0.9758713141523162, 0.9754244883322524, 0.9758713115955485, 0.9781054458094026, 0.9749776548418858, 0.9772117916125075, 0.9763181399723799, 0.9758713115955485, 0.9767649632356761, 0.9736371748249268, 0.9754244806619495, 0.9754244832187172, 0.972296694807968, 0.9655942742690324, 0.9727435206280317, 0.9749776548418858, 0.977658625102874, 0.9731903464480955, 0.9731903464480955, 0.9736371722681593, 0.9758713090387809, 0.9763181374156124, 0.9731903451697117, 0.9727435180712641, 0.9687220729068521, 0.974083998088223, 0.9749776573986534, 0.9736371773816945, 0.9754244883322524, 0.9763181348588448, 0.9767649657924438, 0.9749776599554211, 0.9772117890557399, 0.9776586148758036, 0.9749776548418858, 0.9767649657924438, 0.9763181348588448, 0.9749776522851182, 0.9767649683492113, 0.9754244832187172, 0.9758713064820134, 0.9767649709059789, 0.9754244878528585, 0.9727435231847993, 0.974083998088223, 0.9714030354975376, 0.978552274186234, 0.9749776497283505, 0.9754244806619495, 0.977658625102874, 0.9767649657924438, 0.9745308315785897, 0.9740840006449907],