{"val_loss": [0.10797307070054797, 0.10294252980184611, 0.10771175213461, 0.10456325300686867, 0.10905428242877246, 0.11431372472010423, 0.12178941972718145, 0.13064575259347688, 0.13479864830962457, 0.15152222278087674, 0.148900994475018, 0.16806232326520168, 0.14965066649495656, 0.15771728319642714, 0.1818824297598153, 0.18554260180213863, 0.15464820014475114, 0.143982944103622, 0.15679902103096766, 0.16278370243089402, 0.1909932228071349, 0.1775273031162468, 0.19310923575982883, 0.14959925182951175, 0.16451758298585917, 0.18669004547955959, 0.19050560564529606, 0.20440148562625587, 0.17240131192091035, 0.1815597969480508, 0.1857085224504947, 0.2082369599954315, 0.19938192421377882, 0.2122037961179094, 0.22842399633633412, 0.21769206093474963, 0.21776927408787156, 0.22266649550019518, 0.22389417853851074, 0.26677105950275987, 0.1972671069819199, 0.20713750094729155, 0.23473020194316851, 0.19272011966724706, 0.2287236516830121, 0.22114517481761803, 0.18877257267391778, 0.22890423206043506, 0.16998099851552895, 0.23820265816171998, 0.19374752866751088, 0.22168265452498134, 0.19694641128649695, 0.20406206784624947, 0.1947244144759804, 0.23601610643592308, 0.2116282065155614, 0.18239002412619906, 0.2137281589910959, 0.22331163334756501, 0.20694975703348958, 0.19864929939050155, 0.1866036124968778, 0.2497837049897401, 0.2324759730686294, 0.24200211854761902, 0.1986212416462228, 0.2196258877584674, 0.23859293514843186, 0.2056780762269522, 0.2182003622582565, 0.2463546694990823, 0.228119411084987, 0.2629349630641882, 0.22809109849796894, 0.23393832418838306, 0.18996408955560745, 0.21268534169691364, 0.22241632837659392, 0.2435872494724431, 0.24279524581496031, 0.25085308809486695, 0.22485020002144693, 0.21928499320589015, 0.25278083759205333, 0.2526600913649791, 0.25216965106046574, 0.2597417537637842, 0.21910238103307222, 0.24696038203026222, 0.2796169220157288, 0.23023779221251175, 0.25316232143448064, 0.2777773209357511, 0.22824795033164003, 0.22686599842278107, 0.2131887501609727, 0.22451726585176626, 0.23001557204366146, 0.2403653750367004], "val_masked_f1": [0.33096048253200056, 0.38074256152641484, 0.43996366418889454, 0.43008527855424517, 0.48072300887689356, 0.4812531244187128, 0.4175539692381395, 0.43450674196568934, 0.4819672370760006, 0.47602211667547106, 0.44011342096273354, 0.45698740202652316, 0.4663419335838256, 0.5080773545197632, 0.44851525956883803, 0.44475557025993606, 0.4357456108695816, 0.4390341773127291, 0.4834796260873615, 0.45431503712369453, 0.4393576346207994, 0.46256632699645217, 0.46890135509211844, 0.4862977115396285, 0.47360888867704987, 0.46595846789777623, 0.4549413857144346, 0.5080880753254641, 0.4822799890852694, 0.4716567372888084, 0.4609648763233499, 0.47752929204570843, 0.48971006014621216, 0.49697557863596564, 0.5203403302324496, 0.480287148700497, 0.4767235967478824, 0.46503334289090004, 0.466548402411874, 0.4373236915375713, 0.4995929660420523, 0.47445767211027956, 0.4895252201199947, 0.4764607847083044, 0.4640570495463691, 0.4671357738570192, 0.5033128784924019, 0.4657117675267307, 0.47479382181555274, 0.4806330633218834, 0.5028698042848523, 0.4584782187254725, 0.46471722920735675, 0.5139727033112246, 0.498236116770391, 0.4787052289672568, 0.47514820098876953, 0.4821388552551624, 0.47248943009858346, 0.5117981929535372, 0.48960424660251806, 0.48005117910387346, 0.4730269955979545, 0.4615848864689383, 0.47221984985121174, 0.46481881490567833, 0.5034892351369824, 0.46193884584823414, 0.4659584712206833, 0.46223381532055435, 0.4909342899832022, 0.4717225031570275, 0.4996549604107971, 0.4776994664217675, 0.5125853253850815, 0.4609242377242422, 0.5084822668015749, 0.4399249872125677, 0.43658985687326746, 0.49093965260132405, 0.4634069897987286, 0.43721808789083766, 0.5085120754928677, 0.5107833350577006, 0.5103623354753413, 0.47297099963020917, 0.4919120271308358, 0.5066457304251181, 0.47003172111289704, 0.46325280248218853, 0.48768726763132697, 0.45813107075176174, 0.46772952362220044, 0.4495250976597944, 0.48841664904639837, 0.4703645501264158, 0.47808437148037686, 0.46480004657297874, 0.4633479949073924, 0.44458563900990766], "val_masked_accuracy": [0.9710221060061704, 0.9701012620111791, 0.9705704210388812, 0.9714268693109838, 0.9754864515327826, 0.971440502090875, 0.969772203389499, 0.973436550188563, 0.9734650164254174, 0.9681809695478654, 0.9697226034639604, 0.9718938640185765, 0.9714943287541503, 0.9739482667941803, 0.9690349477924121, 0.9738896219157176, 0.9718398357656083, 0.9697401284063873, 0.9730494625338556, 0.9718725929830686, 0.9703181680901956, 0.9722167220957465, 0.9714225030111518, 0.9747200673327074, 0.9714461953382458, 0.9719055318527797, 0.9702424899210913, 0.9747895005826474, 0.967283254854909, 0.9718532647405352, 0.9636415813581176, 0.9711609481380653, 0.972376720069039, 0.971921579278443, 0.9752094695100109, 0.97114876857618, 0.9694402626997918, 0.973515267640733, 0.9686511830447304, 0.9689645287467212, 0.972334738461675, 0.971164598905251, 0.9715153406029102, 0.9719218894164321, 0.9694224098279778, 0.9686371226482413, 0.9740227220642719, 0.9707212300666118, 0.9694793910376563, 0.9698839904123898, 0.9731675963091656, 0.9710922171291435, 0.9711632032843002, 0.9735699715514632, 0.9731350030217852, 0.9714767239927277, 0.9706794699863828, 0.974368003118052, 0.9720554990773971, 0.9744020961441368, 0.9739198227100394, 0.9731040534657468, 0.9722771879272594, 0.9702447783656236, 0.9727082354266469, 0.9714344809833443, 0.9702820303686543, 0.9694057199736229, 0.9698696443151237, 0.9706284877315215, 0.9714710041621005, 0.9674094990847695, 0.9718758671541248, 0.9702156253946506, 0.9735354952834347, 0.9677905324028759, 0.9747730964982967, 0.9710318642764695, 0.9629718852375443, 0.9703203080423203, 0.9693623538216647, 0.9710439264289732, 0.9735065594090541, 0.9734425668655511, 0.972280743437777, 0.9697464774433052, 0.9731065744445437, 0.973877781290349, 0.9718156250650182, 0.9702756681093355, 0.9727355364307709, 0.9698432537875248, 0.9706838983138125, 0.9707228981659387, 0.9747174865415841, 0.9739555550369237, 0.9689415187232032, 0.9730848404173237, 0.9710395977887543, 0.9694424535339302],